UserID,Date,Total_Distance,Tracker_Distance,Logged_Activities_Distance,Very_Active_Distance,Moderately_Active_Distance,Light_Active_Distance,Sedentary_Active_Distance,Very_Active_Minutes,Fairly_Active_Minutes,Lightly_Active_Minutes,Sedentary_Minutes,Steps,Calories_Burned
6117666160,2016-04-20,8.02,8.02,0.0,2.03,0.48,5.52,0.0,26,10,349,587,10449,2536
1644430081,2016-04-13,5.82,5.82,0.0,2.28,0.9,2.64,0.0,30,16,135,1259,8001,2902
1927972279,2016-04-25,0.11,0.11,0.0,0.0,0.0,0.11,0.0,0,0,12,1303,152,2100
6117666160,2016-04-26,7.21,7.21,0.0,0.0,0.34,6.87,0.0,0,7,352,1077,9543,2450
4388161847,2016-05-09,7.86,7.86,0.0,0.34,0.73,6.79,0.0,6,19,258,1020,10218,3013
6775888955,2016-04-28,0.5,0.5,0.0,0.06,0.2,0.24,0.0,2,13,15,1410,703,1993
4319703577,2016-04-13,5.5,5.5,0.0,0.53,0.59,1.31,0.0,8,15,96,1234,8204,2135
2873212765,2016-05-03,4.98,4.98,0.0,0.06,0.25,4.66,0.01,1,6,363,1070,7412,1906
4445114986,2016-04-13,1.99,1.99,0.0,0.0,0.0,1.99,0.0,0,0,194,840,2961,2095
6290855005,2016-05-08,5.83,5.83,0.0,0.0,0.0,5.82,0.0,0,0,251,1189,7706,2712
3977333714,2016-04-30,9.2,9.2,0.0,3.69,2.1,3.41,0.0,43,52,194,687,13238,1650
1503960366,2016-05-05,8.9,8.9,0.0,2.92,1.08,4.88,0.0,45,24,250,857,14070,1959
1927972279,2016-04-28,1.16,1.16,0.0,0.0,0.0,1.16,0.0,0,0,95,1167,1675,2351
4558609924,2016-05-01,2.27,2.27,0.0,0.0,0.0,2.27,0.0,0,0,190,1121,3428,1692
8253242879,2016-04-27,8.18,8.18,0.0,6.24,0.23,1.7,0.0,45,5,104,1286,10232,2008
6962181067,2016-04-28,8.35,8.35,0.0,2.51,0.24,5.59,0.0,38,8,288,621,12627,2182
1503960366,2016-05-12,0.0,0.0,0.0,0.0,0.0,0.0,0.0,0,0,0,1440,0,0
6117666160,2016-05-06,2.68,2.68,0.0,0.0,0.0,2.68,0.0,0,0,133,673,3365,1838
4558609924,2016-05-07,5.44,5.44,0.0,1.61,1.0,2.83,0.0,23,16,233,1116,8237,1973
3977333714,2016-04-24,10.0,10.0,0.0,3.27,4.56,2.17,0.0,30,95,129,660,14112,1655
6962181067,2016-04-19,7.1,7.1,0.0,2.1,2.13,2.87,0.0,35,41,195,659,10742,2046
2022484408,2016-05-02,7.29,7.29,0.0,2.61,0.34,4.33,0.0,36,8,277,1119,10379,2473
1624580081,2016-04-20,3.23,3.23,0.0,0.0,0.0,3.23,0.0,0,0,151,1289,4974,1446
4558609924,2016-05-05,7.01,7.01,0.0,1.01,0.5,5.51,0.0,14,8,370,1048,10611,2262
2347167796,2016-04-12,6.83,6.83,0.0,2.0,0.62,4.2,0.0,28,13,320,964,10113,2344
4020332650,2016-05-03,3.22,3.22,0.0,0.0,0.0,3.15,0.05,0,0,174,950,4496,2828
1644430081,2016-05-06,7.12,7.12,0.0,0.82,0.27,6.01,0.02,11,6,369,1054,9787,3328
2026352035,2016-05-07,2.6,2.6,0.0,0.0,0.0,2.6,0.0,0,0,229,665,4193,1491
1644430081,2016-04-20,1.77,1.77,0.0,0.0,0.0,1.76,0.01,0,0,125,1315,2436,2430
2022484408,2016-04-23,4.21,4.21,0.0,0.0,0.0,4.21,0.0,0,0,249,1191,6001,2069
3977333714,2016-04-23,8.07,8.07,0.0,0.0,4.22,3.85,0.0,0,92,252,724,12058,1638
2022484408,2016-04-16,7.09,7.09,0.0,3.15,0.55,3.39,0.0,41,11,151,1237,10100,2177
6290855005,2016-04-23,0.0,0.0,0.0,0.0,0.0,0.0,0.0,33,0,0,1407,0,2664
4445114986,2016-04-20,1.39,1.39,0.0,0.0,0.0,1.39,0.0,0,0,137,841,2072,1974
4020332650,2016-04-18,0.04,0.04,0.0,0.0,0.0,0.04,0.0,0,0,2,1438,62,1995
8378563200,2016-05-07,3.54,3.54,0.0,0.0,0.0,3.54,0.0,0,0,158,851,4468,2799
6117666160,2016-04-19,8.41,8.41,0.0,0.0,0.0,8.41,0.0,0,0,480,425,11135,2606
6117666160,2016-04-13,0.0,0.0,0.0,0.0,0.0,0.0,0.0,0,0,0,1440,0,1496
1644430081,2016-04-26,7.21,7.21,0.0,0.8,1.72,4.69,0.0,11,41,223,1165,9919,3123
4445114986,2016-05-06,3.03,3.03,0.0,0.0,0.0,3.03,0.0,0,0,229,809,4514,2211
5577150313,2016-05-05,5.64,5.64,0.0,2.5,0.47,2.67,0.0,45,21,143,1153,7550,3004
8583815059,2016-04-20,4.11,4.11,0.0,0.0,1.04,3.07,0.0,0,27,167,1246,5273,2647
2347167796,2016-04-19,4.44,4.44,0.0,0.0,0.0,4.44,0.0,0,7,382,648,6711,2346
4388161847,2016-04-23,10.18,10.18,0.0,4.5,0.32,5.35,0.0,58,5,215,749,13236,3306
5577150313,2016-05-10,6.65,6.65,0.0,2.56,0.75,3.35,0.0,104,37,194,639,8869,3841
1844505072,2016-04-27,0.0,0.0,0.0,0.0,0.0,0.0,0.0,0,0,1,1439,4,1348
8253242879,2016-04-20,4.27,4.27,0.0,0.33,0.82,3.11,0.01,5,18,216,1201,6466,1931
4702921684,2016-05-12,2.23,2.23,0.0,0.0,0.0,2.23,0.0,0,0,68,241,2752,1240
8583815059,2016-05-06,4.56,4.56,0.0,0.14,1.19,3.23,0.0,2,22,166,1250,5843,2683
7007744171,2016-04-23,5.41,5.41,0.0,0.13,1.13,4.15,0.0,2,25,223,1190,8093,2284
7086361926,2016-04-24,2.16,2.16,0.0,0.0,0.0,2.15,0.0,0,0,125,566,3520,2049
6117666160,2016-04-14,0.0,0.0,0.0,0.0,0.0,0.0,0.0,0,0,0,1440,0,1496
6290855005,2016-05-09,4.75,4.75,0.0,0.0,0.0,4.73,0.02,0,0,264,800,6277,2175
6290855005,2016-04-18,5.21,5.21,0.0,0.0,0.0,5.19,0.02,0,0,271,1169,6885,2766
3372868164,2016-04-25,4.09,4.09,0.0,0.0,0.0,4.09,0.0,0,0,416,1024,5995,2010
8877689391,2016-04-28,11.3,11.3,0.0,4.93,0.38,5.97,0.0,58,8,231,1143,14890,3060
2022484408,2016-04-26,7.19,7.19,0.0,1.43,0.66,5.11,0.0,55,24,275,1086,10119,2793
1844505072,2016-04-16,2.26,2.26,0.0,0.0,0.0,2.26,0.0,0,0,147,1293,3414,1657
3977333714,2016-04-15,6.06,6.06,0.0,1.05,1.75,3.26,0.0,15,42,183,644,9010,1468
3977333714,2016-04-19,8.78,8.78,0.0,2.24,2.45,3.96,0.0,19,67,221,738,12414,1638
6775888955,2016-05-06,3.37,3.37,0.0,0.47,0.93,1.93,0.0,12,35,75,1318,4697,2496
4702921684,2016-04-28,7.32,7.32,0.0,1.13,0.42,5.77,0.0,14,9,232,738,9023,3033
2026352035,2016-05-06,5.08,5.08,0.0,0.0,0.0,5.08,0.0,0,0,383,511,8198,1736
1644430081,2016-04-17,6.37,6.37,0.0,2.25,0.57,3.55,0.0,29,13,186,1212,8757,3011
3977333714,2016-04-29,7.75,7.75,0.0,3.74,1.3,2.71,0.0,36,32,150,744,10645,1545
8792009665,2016-04-15,1.59,1.59,0.0,0.0,0.0,1.59,0.0,0,0,126,937,2483,2009
2347167796,2016-04-15,6.92,6.92,0.0,0.07,1.42,5.43,0.0,1,24,284,720,10465,2133
4057192912,2016-04-12,4.03,4.03,0.0,0.0,0.0,3.94,0.0,0,0,164,1276,5394,2286
3372868164,2016-04-26,5.79,5.79,0.0,1.85,0.05,3.87,0.01,22,2,333,1083,8283,2057
6775888955,2016-04-30,1.79,1.79,0.0,0.16,0.16,1.48,0.0,3,9,84,1344,2503,2280
4558609924,2016-05-02,5.22,5.22,0.0,0.0,0.0,5.22,0.0,0,0,383,1057,7891,2066
5577150313,2016-04-14,6.42,6.42,0.0,3.33,0.31,2.78,0.0,118,30,176,662,8596,4022
2873212765,2016-05-07,3.38,3.38,0.0,2.28,0.55,0.55,0.0,75,11,52,1302,4940,1897
4558609924,2016-05-03,3.48,3.48,0.0,0.6,0.28,2.6,0.0,21,10,237,1172,5267,1953
5577150313,2016-04-27,5.14,5.14,0.0,1.81,0.4,2.93,0.0,63,16,190,773,6805,3294
4702921684,2016-04-25,7.43,7.43,0.0,0.49,0.82,6.11,0.0,6,15,270,730,9167,3064
6775888955,2016-04-22,0.46,0.46,0.0,0.0,0.0,0.46,0.0,0,0,20,1420,637,1922
2320127002,2016-05-05,3.51,3.51,0.0,0.0,0.39,3.11,0.0,0,11,223,1206,5202,1780
6962181067,2016-05-12,2.37,2.37,0.0,0.0,0.25,2.11,0.0,0,8,105,127,3587,928
4020332650,2016-04-21,0.0,0.0,0.0,0.0,0.0,0.0,0.0,0,0,0,1440,0,1980
8877689391,2016-04-22,16.31,16.31,0.0,10.23,0.03,5.97,0.05,61,2,236,1141,18258,3427
1644430081,2016-04-22,2.67,2.67,0.0,0.0,0.0,2.66,0.01,0,0,86,1354,3673,2344
8877689391,2016-05-08,8.11,8.11,0.0,1.08,0.2,6.8,0.0,17,4,245,1174,10686,2847
1624580081,2016-04-25,4.22,4.22,0.0,0.0,0.0,4.2,0.02,0,0,202,1238,6497,1492
4558609924,2016-04-15,5.15,5.15,0.0,0.59,0.84,3.73,0.0,17,30,262,1131,7795,2121
5577150313,2016-05-02,5.56,5.56,0.0,1.12,0.35,4.07,0.0,37,20,235,732,7439,3014
2320127002,2016-05-01,0.52,0.52,0.0,0.0,0.0,0.52,0.0,0,0,40,1400,772,1403
3977333714,2016-04-28,4.88,4.88,0.0,1.37,0.29,3.22,0.0,15,8,190,804,7114,1407
3372868164,2016-04-18,4.64,4.64,0.0,1.08,0.2,3.35,0.0,20,7,343,1070,6798,2014
4702921684,2016-04-19,5.44,5.44,0.0,0.88,0.37,4.19,0.0,10,8,179,757,6708,2812
6962181067,2016-04-21,9.71,7.88,4.08,3.99,2.1,3.51,0.11,53,27,214,708,11835,2179
3372868164,2016-04-22,2.62,2.62,0.0,0.0,0.0,2.61,0.01,0,0,206,1234,3843,1669
4020332650,2016-05-06,3.13,3.13,0.0,0.0,0.0,3.1,0.01,0,0,177,855,4369,2704
6117666160,2016-04-18,3.91,3.91,0.0,0.0,0.0,3.89,0.0,0,0,241,759,5153,2018
2320127002,2016-05-10,4.2,4.2,0.0,0.0,0.0,4.2,0.0,0,0,290,1150,6227,1899
4445114986,2016-05-04,1.96,1.96,0.0,0.0,0.0,1.96,0.0,0,0,180,897,2923,2070
6962181067,2016-04-24,3.32,3.32,0.0,0.0,0.0,3.32,0.0,0,0,199,720,5029,1705
2873212765,2016-04-28,5.41,5.41,0.0,2.16,0.34,2.91,0.0,28,7,213,1192,7913,1835
8053475328,2016-04-18,12.66,12.66,0.0,9.08,0.23,3.35,0.0,102,6,195,1137,17076,3133
8792009665,2016-04-14,0.78,0.78,0.0,0.0,0.0,0.78,0.0,0,0,84,853,1219,1963
3372868164,2016-04-15,5.08,5.08,0.0,0.0,0.0,5.06,0.02,0,0,335,1105,7451,1908
2873212765,2016-04-13,5.12,5.12,0.0,0.0,0.22,4.88,0.02,0,8,404,1028,7618,2004
1624580081,2016-05-11,2.04,2.04,0.0,0.0,0.0,2.04,0.0,0,0,112,1328,3134,1359
6962181067,2016-04-17,6.71,6.71,0.0,0.33,0.68,5.69,0.0,5,13,295,634,10145,2027
4388161847,2016-04-26,7.28,7.28,0.0,0.94,1.06,5.27,0.0,14,23,224,673,9461,2929
6290855005,2016-04-22,4.72,4.72,0.0,0.0,0.0,4.72,0.0,0,0,302,1138,6238,2796
2026352035,2016-05-05,7.54,7.54,0.0,0.0,0.0,7.54,0.0,0,0,475,479,12167,1926
4558609924,2016-04-17,6.4,6.4,0.0,0.55,1.14,4.71,0.0,7,19,304,1110,9634,2117
4388161847,2016-05-06,10.13,10.13,0.0,2.11,2.09,5.93,0.0,33,45,262,1100,13175,3425
1644430081,2016-04-16,11.12,11.12,0.0,4.1,1.88,5.09,0.0,51,42,212,1135,15300,3493
8253242879,2016-04-26,3.04,3.04,0.0,1.18,0.49,1.37,0.0,19,14,108,1299,4562,1813
6962181067,2016-04-27,6.82,6.82,0.0,0.55,2.02,4.25,0.0,7,38,279,697,10320,2034
7007744171,2016-04-15,3.53,3.53,0.0,0.0,0.0,3.53,0.0,0,0,202,1238,5273,2098
7086361926,2016-04-26,7.07,7.07,0.0,4.16,0.77,2.12,0.0,70,33,132,726,10387,2781
2026352035,2016-04-19,1.5,1.5,0.0,0.0,0.0,1.5,0.0,0,0,141,785,2424,1356
4319703577,2016-05-05,9.49,9.49,0.0,2.63,1.41,5.45,0.0,27,34,328,957,13658,2530
4558609924,2016-04-28,6.25,6.25,0.0,0.02,0.27,5.95,0.0,1,11,367,985,9451,2185
7086361926,2016-05-06,8.38,8.38,0.0,3.82,1.43,3.12,0.0,84,35,154,834,12461,2924
4702921684,2016-04-20,7.13,7.13,0.0,0.16,1.23,5.73,0.0,2,29,260,717,8793,3061
8583815059,2016-04-27,9.73,9.73,0.0,6.6,0.27,2.87,0.0,77,5,129,1229,12474,3142
8378563200,2016-04-29,4.9,4.9,0.0,0.25,0.36,4.27,0.0,3,7,172,767,6175,2982
2026352035,2016-04-26,3.68,3.68,0.0,0.0,0.0,3.68,0.0,0,0,288,1018,5933,1595
7007744171,2016-04-29,14.3,13.42,4.91,4.31,2.05,7.95,0.0,55,42,382,961,20067,3180
1844505072,2016-05-10,0.0,0.0,0.0,0.0,0.0,0.0,0.0,0,0,0,1440,0,1347
1844505072,2016-04-30,2.67,2.67,0.0,0.0,0.0,2.65,0.0,0,0,184,218,4014,1763
7086361926,2016-04-14,6.12,6.12,0.0,2.03,0.33,3.66,0.0,35,32,189,787,9123,2734
2347167796,2016-04-24,6.26,6.26,0.0,0.0,0.0,6.26,0.0,0,0,360,584,9471,2187
5577150313,2016-04-29,5.92,5.92,0.0,2.84,0.61,2.47,0.0,97,36,165,739,7924,3544
8253242879,2016-04-22,1.87,1.87,0.0,0.0,0.0,1.87,0.0,0,0,120,1320,2824,1651
2873212765,2016-05-09,5.19,5.19,0.0,0.0,0.0,5.19,0.0,0,0,345,1095,7726,1906
8792009665,2016-04-21,0.09,0.09,0.0,0.0,0.0,0.09,0.0,0,0,9,1431,144,1720
2026352035,2016-04-25,3.73,3.73,0.0,0.0,0.0,3.73,0.0,0,0,260,821,6017,1576
2873212765,2016-04-22,4.9,4.9,0.0,0.46,0.0,4.42,0.02,46,0,366,1028,7286,2241
4020332650,2016-04-16,1.42,1.42,0.0,0.45,0.37,0.59,0.0,65,21,55,1222,1982,3051
8583815059,2016-05-01,3.52,3.52,0.0,0.78,0.12,2.04,0.0,10,2,117,1311,4512,2596
5577150313,2016-04-30,9.24,9.24,0.0,5.83,0.79,2.61,0.0,207,45,163,621,12363,4501
3977333714,2016-04-22,5.96,5.96,0.0,2.33,0.58,3.06,0.0,33,12,188,731,8911,1481
1927972279,2016-04-26,2.6,2.6,0.0,0.0,0.0,2.6,0.0,0,0,192,1058,3761,2638
8877689391,2016-04-21,17.62,17.62,0.0,12.29,0.42,4.89,0.0,82,13,226,1119,19377,3659
3372868164,2016-04-30,3.58,3.58,0.0,1.06,0.09,2.42,0.01,17,4,300,1119,5250,1946
4445114986,2016-05-01,3.51,3.51,0.0,0.0,0.0,3.51,0.0,0,0,240,741,5232,2246
8583815059,2016-04-14,2.45,2.45,0.0,0.0,0.0,2.43,0.0,0,0,134,1306,3135,2443
4319703577,2016-04-25,6.21,6.21,0.0,0.0,0.28,5.93,0.0,0,8,390,544,9259,2314
4702921684,2016-04-26,4.95,4.95,0.0,0.07,0.35,4.54,0.0,1,8,216,765,6108,2784
4702921684,2016-05-11,7.96,7.96,0.0,0.78,2.16,4.98,0.0,10,41,235,784,9810,3069
2873212765,2016-05-11,4.33,4.33,0.0,0.0,0.0,4.32,0.01,0,0,319,1121,6440,1826
5553957443,2016-04-14,11.12,11.12,0.0,4.0,2.45,4.67,0.0,61,41,256,693,17022,2324
4388161847,2016-04-12,7.78,7.78,0.0,0.0,0.0,0.0,0.0,0,0,0,1440,10122,2955
1644430081,2016-04-28,6.84,6.84,0.0,0.2,2.32,4.31,0.0,3,53,227,1157,9405,3108
2347167796,2016-04-25,6.38,6.38,0.0,1.27,0.52,4.6,0.0,15,11,277,653,9482,2095
2320127002,2016-04-27,1.16,1.16,0.0,0.0,0.0,1.16,0.0,0,0,82,1358,1715,1481
8053475328,2016-04-21,12.51,12.51,0.0,9.67,0.25,2.58,0.0,100,6,170,1164,16057,3103
5553957443,2016-04-20,1.77,1.77,0.0,0.0,0.0,1.77,0.0,0,0,148,598,2713,1570
6117666160,2016-04-17,5.4,5.4,0.0,0.0,0.0,5.4,0.0,0,0,312,702,7150,2225
4702921684,2016-05-02,5.92,5.92,0.0,0.38,1.74,3.76,0.0,5,40,195,1131,7245,2859
4388161847,2016-05-02,8.4,8.4,0.0,3.77,0.08,4.55,0.0,33,4,204,935,10096,3147
1644430081,2016-04-15,3.83,3.83,0.0,0.22,0.15,3.45,0.0,3,4,170,1263,5263,2750
1927972279,2016-04-30,0.0,0.0,0.0,0.0,0.0,0.0,0.0,0,0,0,1440,0,2064
4020332650,2016-04-29,0.0,0.0,0.0,0.0,0.0,0.0,0.0,0,0,0,1440,0,1980
4020332650,2016-04-12,6.12,6.12,0.0,0.15,0.24,5.68,0.0,4,15,331,712,8539,3654
4702921684,2016-05-08,10.43,10.43,0.0,0.68,6.21,3.54,0.0,9,125,192,1019,12857,3287
8792009665,2016-04-13,0.84,0.84,0.0,0.0,0.0,0.84,0.0,0,0,82,806,1320,1934
8378563200,2016-04-22,9.67,9.67,2.09,4.91,0.59,4.18,0.0,113,12,159,769,12200,4044
3977333714,2016-05-10,8.78,8.78,0.0,0.07,5.4,3.31,0.0,1,115,196,676,13072,1630
4319703577,2016-04-29,5.36,5.36,0.0,0.45,0.79,4.12,0.0,6,18,289,624,7990,2175
4020332650,2016-04-23,0.0,0.0,0.0,0.0,0.0,0.0,0.0,0,0,0,1440,0,1980
2347167796,2016-04-26,3.95,3.95,0.0,0.0,0.0,3.95,0.0,0,0,227,732,5980,1861
1624580081,2016-04-30,4.3,4.3,0.0,0.9,1.28,2.12,0.01,11,23,224,1182,6474,1655
6962181067,2016-04-14,1.03,1.03,0.0,0.0,0.0,1.03,0.0,0,0,86,862,1551,1466
7007744171,2016-05-06,7.67,7.67,0.0,3.0,0.81,3.86,0.0,44,13,247,1136,11459,2553
2320127002,2016-04-14,2.68,2.68,0.0,0.0,0.0,2.68,0.0,0,0,191,1249,3973,1696
8378563200,2016-05-11,7.25,7.25,2.09,1.39,0.59,5.27,0.0,72,10,184,763,9143,3788
4558609924,2016-04-21,9.08,9.08,0.0,0.42,0.97,7.7,0.0,6,21,432,844,13743,2486
3372868164,2016-04-14,6.03,6.03,0.0,0.34,1.03,4.65,0.01,6,25,370,1039,8844,2065
8877689391,2016-05-07,8.13,8.13,0.0,0.08,0.96,6.99,0.0,105,28,271,1036,12332,4142
6775888955,2016-05-05,0.0,0.0,0.0,0.0,0.0,0.0,0.0,0,0,0,1440,0,1841
5553957443,2016-04-15,10.86,10.86,0.0,4.16,1.98,4.71,0.0,58,38,239,689,16556,2254
1624580081,2016-04-14,5.92,5.92,0.0,0.0,0.0,5.91,0.01,0,0,236,1204,9107,1572
1624580081,2016-04-12,5.31,5.31,0.0,0.0,0.0,5.31,0.0,0,0,146,1294,8163,1432
8877689391,2016-05-06,19.34,19.34,0.0,12.79,0.29,6.16,0.0,96,17,232,1095,21727,4015
4388161847,2016-05-12,2.59,2.59,0.0,0.0,0.0,2.59,0.0,0,0,108,825,3369,1623
2873212765,2016-04-27,2.36,2.36,0.0,0.0,0.0,2.36,0.0,46,0,197,1197,3516,1966
6775888955,2016-04-25,4.64,4.64,0.0,2.27,0.46,1.9,0.0,33,13,92,1302,6474,2484
2873212765,2016-04-12,5.91,5.91,0.0,0.11,0.93,4.88,0.0,2,21,356,1061,8796,1982
1844505072,2016-04-29,3.25,3.25,0.0,0.0,0.0,3.25,0.0,0,0,247,1082,4920,1856
1644430081,2016-04-27,2.2,2.2,0.0,0.0,0.0,2.2,0.0,0,0,118,1322,3032,2489
2026352035,2016-05-10,0.16,0.16,0.0,0.0,0.0,0.16,0.0,0,0,17,1002,254,1141
7086361926,2016-04-30,9.41,9.41,0.0,3.12,1.04,5.24,0.0,42,17,308,584,14560,2995
1644430081,2016-05-02,2.73,2.73,0.0,0.07,0.31,2.35,0.0,1,7,148,682,3758,2580
8877689391,2016-05-04,16.3,16.3,0.0,10.42,0.31,5.53,0.0,66,8,212,1154,18193,3477
7086361926,2016-04-16,0.01,0.01,0.0,0.0,0.0,0.01,0.0,0,0,3,1437,31,1635
8877689391,2016-04-29,7.39,7.39,0.0,1.38,0.17,5.79,0.0,18,5,210,1207,9733,2698
8583815059,2016-05-10,6.43,6.43,0.0,0.69,2.01,3.72,0.0,9,43,162,1226,8240,2846
1503960366,2016-04-14,6.74,6.74,0.0,2.44,0.4,3.91,0.0,30,11,181,1218,10460,1776
1844505072,2016-04-21,5.32,5.32,0.0,0.12,0.52,4.68,0.0,2,13,308,1117,8054,2062
7086361926,2016-05-10,10.79,10.79,0.0,7.11,1.2,2.45,0.0,72,23,106,1182,14433,2800
8877689391,2016-04-17,8.87,8.87,0.0,0.0,0.07,8.79,0.0,58,15,307,1060,15118,3545
4702921684,2016-05-06,5.63,5.63,0.0,0.08,0.66,4.87,0.0,1,16,207,682,6943,2859
1503960366,2016-04-17,6.48,6.48,0.0,3.19,0.78,2.51,0.0,38,20,164,539,9705,1728
1624580081,2016-05-05,1.61,1.61,0.0,0.0,0.0,1.58,0.02,0,0,117,1323,2470,1370
4388161847,2016-05-10,7.92,7.92,0.0,0.81,0.65,6.46,0.0,13,14,267,648,10299,3061
6117666160,2016-05-07,5.54,5.54,0.0,0.0,0.0,5.54,0.0,0,0,412,456,7336,2469
4702921684,2016-04-30,8.23,8.23,0.0,0.32,2.03,5.88,0.0,4,36,263,728,10144,3115
8253242879,2016-04-23,6.26,6.26,0.0,2.09,1.04,3.13,0.0,30,26,191,1193,9282,2132
1844505072,2016-04-17,2.99,2.99,0.0,0.14,0.26,2.59,0.0,2,8,199,1231,4525,1793
8053475328,2016-04-14,15.97,15.97,0.0,12.34,0.21,3.36,0.0,119,5,193,1123,20159,3411
6290855005,2016-04-15,7.18,7.18,0.0,0.0,0.0,7.17,0.01,0,0,328,1112,9501,2896
2026352035,2016-05-12,5.51,5.51,0.0,0.0,0.0,5.51,0.0,0,0,343,330,8891,1364
5577150313,2016-05-11,3.04,3.04,0.0,1.83,0.3,0.89,0.0,45,15,63,257,4038,1665
8792009665,2016-05-02,1.17,1.17,0.0,0.0,0.0,1.17,0.0,0,0,101,916,1831,2015
8378563200,2016-04-16,8.89,8.89,0.0,5.37,1.07,2.44,0.0,64,21,142,563,11207,3363
8378563200,2016-05-08,2.33,2.33,0.0,0.0,0.0,2.33,0.0,0,0,139,621,2943,2685
1503960366,2016-05-07,7.71,7.71,0.0,2.46,2.12,3.13,0.0,37,46,175,833,11992,1821
1644430081,2016-05-04,1.68,1.68,0.0,0.0,0.0,1.66,0.02,0,0,52,1388,2309,2222
1503960366,2016-04-22,8.13,8.13,0.0,4.76,1.12,2.24,0.0,66,27,130,1217,12764,1827
4020332650,2016-04-27,0.0,0.0,0.0,0.0,0.0,0.0,0.0,0,0,0,1440,0,1980
3977333714,2016-04-27,5.04,5.04,0.0,0.0,0.42,4.62,0.0,0,10,176,714,7193,1377
4388161847,2016-04-22,9.34,9.34,0.0,3.3,1.11,4.92,0.0,77,25,220,945,12139,3544
4558609924,2016-05-09,7.57,7.57,0.0,0.43,1.62,5.52,0.0,6,30,339,1065,11451,2223
4388161847,2016-04-28,7.75,7.75,0.0,1.29,0.43,6.03,0.0,19,9,234,878,10074,2969
1844505072,2016-05-08,0.0,0.0,0.0,0.0,0.0,0.0,0.0,0,0,0,1440,0,1347
8583815059,2016-05-09,7.7,7.7,0.0,5.76,0.17,1.73,0.0,66,4,110,1260,9877,2947
3977333714,2016-05-08,9.09,9.09,0.0,0.68,5.24,3.17,0.0,9,116,171,688,13585,1633
1503960366,2016-05-11,8.13,8.13,0.0,2.56,1.01,4.55,0.0,36,23,251,669,12770,1783
1624580081,2016-05-06,1.12,1.12,0.0,0.0,0.0,1.12,0.01,0,0,102,1338,1727,1341
4445114986,2016-04-25,2.27,2.27,0.0,0.0,0.0,2.27,0.0,0,0,179,916,3385,2070
3977333714,2016-04-12,5.98,5.98,0.0,3.06,0.91,2.01,0.0,44,19,131,777,8856,1450
8792009665,2016-05-06,0.0,0.0,0.0,0.0,0.0,0.0,0.0,0,0,0,1440,0,1688
8378563200,2016-05-09,6.65,6.65,2.09,1.27,0.66,4.72,0.0,71,13,171,772,8382,3721
2026352035,2016-04-23,7.71,7.71,0.0,0.0,0.0,7.71,0.0,0,0,432,458,12357,1916
8583815059,2016-04-13,4.35,4.35,0.0,0.15,0.97,3.23,0.0,2,23,163,1252,5571,2654
1644430081,2016-05-01,4.46,4.46,0.0,0.24,0.99,3.23,0.0,3,24,146,908,6132,2696
8378563200,2016-04-14,10.56,10.56,2.25,5.62,1.03,3.91,0.0,123,21,174,699,13318,4163
4319703577,2016-05-09,6.96,6.96,0.0,0.14,0.56,6.25,0.0,2,14,374,490,10378,2345
5577150313,2016-04-25,4.78,4.78,0.0,1.35,0.67,2.76,0.0,61,38,214,743,6393,3374
8378563200,2016-05-01,9.06,9.06,0.0,6.03,0.56,2.47,0.0,71,10,127,669,11419,3369
8378563200,2016-04-18,10.81,10.81,2.09,5.05,0.56,5.2,0.0,117,10,174,720,13630,4157
4445114986,2016-04-17,1.52,1.52,0.0,0.0,0.0,1.52,0.0,0,0,114,1219,2268,1933
2026352035,2016-05-01,2.28,2.28,0.0,0.0,0.0,2.28,0.0,0,0,191,716,3609,1447
2026352035,2016-05-08,3.45,3.45,0.0,0.0,0.0,3.45,0.0,0,0,258,610,5528,1555
8792009665,2016-04-22,2.6,2.6,0.0,0.05,0.28,2.27,0.0,1,20,195,817,4068,2419
6775888955,2016-05-01,1.78,1.78,0.0,0.48,0.62,0.68,0.0,9,34,50,1347,2487,2319
3372868164,2016-04-27,5.42,5.42,0.0,1.58,0.63,3.19,0.01,24,13,346,1057,7904,2095
8792009665,2016-05-04,1.46,1.46,0.0,0.0,0.0,1.46,0.0,0,0,129,848,2283,2067
5553957443,2016-05-05,9.51,9.51,0.0,3.43,1.66,4.43,0.0,44,29,241,692,14331,2156
4319703577,2016-04-19,5.99,5.99,0.0,0.0,0.0,5.99,0.0,0,0,311,604,8925,2200
2320127002,2016-04-23,3.42,3.42,0.0,0.0,0.0,3.42,0.0,0,0,242,1129,5079,1804
8253242879,2016-04-16,6.14,6.14,0.0,0.43,3.27,2.45,0.0,6,51,115,1268,9256,1880
4388161847,2016-04-25,9.97,9.97,0.0,0.73,1.4,7.84,0.0,11,31,301,1054,12961,3288
6962181067,2016-04-12,6.74,6.74,0.0,3.4,0.83,2.51,0.0,50,14,189,796,10199,1994
8378563200,2016-04-23,4.53,4.53,0.0,1.52,0.52,2.48,0.0,19,10,136,740,5709,2908
8877689391,2016-05-02,3.64,3.64,0.0,0.0,0.0,3.56,0.0,0,0,105,1335,4790,2189
1624580081,2016-05-10,1.93,1.93,0.0,0.0,0.0,1.92,0.01,0,0,139,1301,2969,1393
4558609924,2016-04-19,3.57,3.57,0.0,0.05,0.36,3.16,0.0,1,9,248,1182,5401,1876
3372868164,2016-04-28,3.76,3.76,0.0,0.0,0.0,3.76,0.0,0,0,385,1055,5512,1972
6775888955,2016-04-24,1.54,1.54,0.0,0.77,0.62,0.15,0.0,11,18,11,1400,2153,2053
8583815059,2016-05-12,0.0,0.0,0.0,0.0,0.0,0.0,0.0,0,0,0,1440,0,0
8053475328,2016-05-04,11.15,11.15,0.0,8.82,0.4,1.91,0.0,89,8,123,1220,14581,2918
1503960366,2016-04-19,9.88,9.88,0.0,3.53,1.32,5.03,0.0,50,31,264,775,15506,2035
2022484408,2016-04-13,8.5,8.5,0.0,2.99,0.1,5.41,0.0,43,5,292,1100,12024,2601
4388161847,2016-04-29,7.1,7.1,0.0,0.8,0.89,5.42,0.0,13,16,236,1175,9232,2979
7086361926,2016-05-07,8.48,8.48,0.0,1.46,2.33,4.68,0.0,20,42,209,621,12827,2739
4702921684,2016-04-23,12.27,12.27,0.0,0.76,3.24,8.27,0.0,9,66,408,469,15126,3691
7007744171,2016-05-02,9.18,8.72,2.83,4.64,0.7,3.83,0.0,64,14,250,1112,13041,2642
4702921684,2016-05-07,11.65,11.65,0.0,0.37,2.31,8.97,0.0,5,46,439,577,14370,3683
5553957443,2016-04-17,0.43,0.43,0.0,0.0,0.0,0.43,0.0,0,0,46,943,655,1397
7086361926,2016-05-05,5.6,5.6,0.0,1.78,0.83,2.95,0.0,24,14,149,1253,8564,2386
8792009665,2016-04-23,3.36,3.36,0.0,0.16,0.44,2.75,0.0,8,45,232,795,5245,2748
4020332650,2016-04-25,0.0,0.0,0.0,0.0,0.0,0.0,0.0,0,0,0,1440,0,1980
8792009665,2016-05-03,1.55,1.55,0.0,0.0,0.0,1.55,0.0,0,0,156,739,2421,2297
5553957443,2016-04-21,8.06,8.06,0.0,2.95,2.16,2.96,0.0,47,42,177,801,12346,2066
4445114986,2016-04-16,2.65,2.65,0.0,0.0,0.0,2.65,0.0,0,0,225,716,3945,2180
8583815059,2016-04-22,6.78,6.78,0.0,0.29,2.41,4.08,0.0,4,54,212,1170,8687,2944
4445114986,2016-05-07,3.59,3.59,0.0,2.13,0.19,1.25,0.0,26,4,108,866,5183,2123
2320127002,2016-04-24,2.81,2.81,0.0,0.0,0.0,2.8,0.0,0,0,204,1236,4165,1725
3372868164,2016-04-21,6.07,6.07,0.0,1.15,0.26,4.64,0.01,18,9,376,1037,8857,2124
6962181067,2016-04-16,8.74,8.74,0.0,3.66,0.19,4.88,0.0,50,3,280,741,13217,2173
2026352035,2016-05-09,6.62,6.62,0.0,0.0,0.0,6.6,0.0,0,0,401,543,10685,1869
1644430081,2016-04-29,2.31,2.31,0.0,0.0,0.0,2.31,0.0,0,0,120,1193,3176,2498
1927972279,2016-05-07,1.04,1.04,0.0,0.0,0.0,1.04,0.0,0,0,48,1392,1510,2229
3977333714,2016-04-14,5.11,5.11,0.0,0.32,0.97,3.82,0.0,5,23,214,801,7641,1433
8877689391,2016-05-11,19.56,19.56,0.0,13.22,0.41,5.89,0.0,88,12,213,1127,21420,3832
3372868164,2016-04-12,3.24,3.24,0.0,0.0,0.0,3.23,0.01,0,0,280,1160,4747,1788
4388161847,2016-04-17,3.58,3.58,0.0,0.0,0.0,3.58,0.0,0,0,201,721,4660,2572
3372868164,2016-04-23,5.07,5.07,0.0,1.4,0.08,3.58,0.0,20,2,303,1115,7396,1995
1927972279,2016-04-22,0.1,0.1,0.0,0.0,0.0,0.1,0.0,0,0,10,1430,149,2093
4702921684,2016-04-21,5.3,5.3,0.0,0.31,2.05,2.94,0.0,4,41,144,901,6530,2729
5577150313,2016-04-13,3.79,3.79,0.0,0.32,0.22,3.25,0.0,15,11,144,776,5077,2551
4057192912,2016-04-15,2.95,2.95,0.0,0.21,0.26,2.44,0.0,3,6,88,873,3984,1527
4702921684,2016-04-13,5.58,5.58,0.0,0.0,0.0,5.58,0.0,0,0,258,777,6877,2898
6775888955,2016-04-20,7.72,7.72,0.0,3.77,1.74,2.22,0.0,70,113,178,1079,10771,3727
8583815059,2016-04-28,4.82,4.82,0.0,0.0,1.2,3.61,0.0,0,28,203,1209,6174,2757
6290855005,2016-05-10,0.0,0.0,0.0,0.0,0.0,0.0,0.0,0,0,0,1440,0,0
5553957443,2016-04-27,6.88,6.88,0.0,1.14,1.0,4.74,0.0,16,16,206,745,10538,1922
4319703577,2016-05-10,6.37,6.37,0.0,0.21,0.46,5.7,0.0,3,12,329,555,9487,2260
3977333714,2016-04-17,6.97,6.97,0.0,0.7,2.35,3.92,0.0,11,58,205,600,10415,1529
2022484408,2016-04-30,12.91,12.91,0.0,0.94,1.4,10.57,0.0,13,23,361,1043,18387,2732
8053475328,2016-04-25,15.69,15.69,0.0,11.37,0.46,3.86,0.0,118,9,209,1104,20500,3403
8378563200,2016-04-13,9.82,9.82,2.09,4.96,0.65,4.21,0.0,116,14,169,680,12386,4079
4020332650,2016-04-28,0.0,0.0,0.0,0.0,0.0,0.0,0.0,0,0,0,1440,0,1980
8378563200,2016-05-10,5.22,5.22,2.25,0.66,0.64,3.92,0.0,63,13,152,840,6582,3586
1644430081,2016-05-10,6.66,6.66,0.0,0.88,0.81,4.97,0.01,12,19,155,1254,9167,2799
8792009665,2016-04-12,1.64,1.64,0.0,0.0,0.0,1.64,0.0,0,0,116,831,2564,2044
2022484408,2016-05-09,9.39,9.39,0.0,2.12,1.63,5.64,0.0,35,47,297,1061,13379,2709
2873212765,2016-04-21,5.98,5.98,0.0,0.13,0.37,5.47,0.01,2,10,371,1057,8859,1970
8378563200,2016-05-03,6.91,6.91,2.25,1.34,1.06,4.5,0.0,71,20,195,822,8712,3784
1644430081,2016-04-19,8.18,8.18,0.0,0.36,2.53,5.3,0.0,5,58,278,1099,11256,3300
2873212765,2016-05-08,5.54,5.54,0.0,2.9,0.0,2.64,0.0,46,0,326,1068,8168,2096
1927972279,2016-04-20,0.0,0.0,0.0,0.0,0.0,0.0,0.0,0,0,0,1440,0,2063
3372868164,2016-04-16,4.73,4.73,0.0,0.0,0.0,4.7,0.03,0,0,356,1084,6905,1908
4020332650,2016-05-01,0.0,0.0,0.0,0.0,0.0,0.0,0.0,0,0,0,1440,0,1980
1927972279,2016-05-03,0.92,0.92,0.0,0.73,0.0,0.18,0.0,10,0,17,1413,1326,2195
1927972279,2016-04-24,1.45,1.45,0.0,0.07,0.24,1.14,0.0,1,6,75,1358,2090,2324
2022484408,2016-04-22,9.33,9.33,0.0,4.43,0.42,4.47,0.0,52,10,273,1105,12954,2638
1503960366,2016-05-10,7.77,7.77,0.0,3.35,1.16,3.26,0.0,46,31,214,746,12207,1859
4702921684,2016-05-03,7.67,7.67,0.0,0.0,0.0,7.67,0.0,0,0,313,729,9454,3145
2026352035,2016-04-20,4.48,4.48,0.0,0.0,0.0,4.48,0.0,0,0,327,623,7222,1667
6117666160,2016-05-03,0.0,0.0,0.0,0.0,0.0,0.0,0.0,0,0,0,1440,0,1496
6117666160,2016-04-12,0.0,0.0,0.0,0.0,0.0,0.0,0.0,0,0,0,1440,0,1496
2022484408,2016-04-27,7.13,7.13,0.0,1.04,0.97,5.12,0.0,19,20,282,1119,10159,2463
4388161847,2016-04-20,8.12,8.12,0.0,1.1,1.72,5.29,0.0,19,42,228,696,10553,3083
1927972279,2016-04-29,0.0,0.0,0.0,0.0,0.0,0.0,0.0,0,0,0,1440,0,2063
2022484408,2016-05-01,7.4,7.4,0.0,1.94,0.96,4.5,0.0,25,28,245,1142,10538,2380
1503960366,2016-04-18,8.59,8.59,0.0,3.25,0.64,4.71,0.0,42,16,233,1149,13019,1921
6117666160,2016-04-16,10.91,10.91,0.0,0.58,0.85,9.48,0.0,7,15,518,502,14450,2828
8053475328,2016-05-07,15.67,15.67,0.0,12.44,0.88,2.35,0.0,121,20,148,1076,19769,3331
1644430081,2016-04-23,4.83,4.83,0.0,0.0,0.58,4.25,0.0,0,15,160,1265,6637,2677
6775888955,2016-04-15,0.92,0.92,0.0,0.0,0.0,0.92,0.0,0,0,58,976,1282,2127
7007744171,2016-05-01,3.75,3.75,0.0,0.0,0.0,3.75,0.0,0,0,237,1142,5600,2225
5553957443,2016-04-23,2.69,2.69,0.0,0.0,0.0,2.68,0.0,0,0,272,443,4112,1776
1927972279,2016-05-04,1.24,1.24,0.0,0.0,0.0,1.24,0.0,0,0,87,1353,1786,2338
7086361926,2016-04-19,7.29,7.29,0.0,3.53,1.23,2.51,0.0,67,69,124,671,10688,2944
2320127002,2016-04-30,3.08,3.08,0.0,0.0,0.0,3.07,0.0,0,0,234,1206,4571,1779
2320127002,2016-04-16,3.41,3.41,0.0,0.0,0.0,3.4,0.0,0,0,195,1245,5057,1724
5553957443,2016-04-25,7.19,7.19,0.0,2.93,0.57,3.69,0.0,51,11,201,732,10946,2033
4388161847,2016-04-30,9.64,9.64,0.0,0.7,2.0,6.94,0.0,14,43,300,537,12533,3283
1927972279,2016-04-21,0.0,0.0,0.0,0.0,0.0,0.0,0.0,0,0,0,1440,0,2064
4702921684,2016-04-14,6.37,6.37,0.0,0.0,0.0,6.37,0.0,0,0,271,772,7860,2984
4020332650,2016-05-07,4.4,4.4,0.0,0.0,0.0,3.58,0.0,0,0,184,1256,6132,2975
2026352035,2016-04-12,2.74,2.74,0.0,0.19,0.35,2.2,0.0,3,8,181,706,4414,1459
1624580081,2016-04-22,2.62,2.62,0.0,0.0,0.0,2.6,0.0,0,0,199,1241,4026,1470
8253242879,2016-04-30,0.0,0.0,0.0,0.0,0.0,0.0,0.0,0,0,0,1440,0,0
1844505072,2016-04-28,4.57,4.57,0.0,0.0,0.0,4.56,0.0,0,0,302,1138,6907,1992
4445114986,2016-05-03,5.18,5.18,0.0,2.48,0.11,2.58,0.0,30,2,233,725,7502,2421
1624580081,2016-05-07,1.37,1.37,0.0,0.0,0.0,1.37,0.0,0,0,182,1258,2104,1474
4020332650,2016-04-17,0.01,0.01,0.0,0.0,0.0,0.01,0.0,0,0,2,1438,16,1990
4319703577,2016-04-12,5.2,5.2,0.0,0.0,0.0,0.0,0.0,0,0,0,1440,7753,2115
4702921684,2016-05-04,6.62,6.62,0.0,0.34,0.73,5.54,0.0,4,15,251,757,8161,3004
1503960366,2016-05-06,8.03,8.03,0.0,1.97,0.25,5.81,0.0,24,6,289,754,12159,1896
4319703577,2016-05-12,0.01,0.01,0.0,0.0,0.0,0.01,0.0,0,0,2,0,17,257
8792009665,2016-04-29,5.35,5.35,0.0,0.14,0.28,4.93,0.0,6,14,380,634,8360,3101
4558609924,2016-04-20,3.17,3.17,0.0,0.0,0.0,3.17,0.0,0,0,222,1218,4803,1788
3977333714,2016-05-04,9.44,9.44,0.0,1.81,4.58,2.89,0.0,14,96,142,852,13559,1628
1624580081,2016-05-02,4.93,4.93,0.0,0.86,0.59,3.47,0.0,7,6,166,1261,7155,1497
4558609924,2016-04-23,4.55,4.55,0.0,0.34,0.2,4.01,0.0,5,5,308,1122,6890,2085
8583815059,2016-04-25,3.51,3.51,0.0,1.47,0.24,1.81,0.0,18,6,122,1294,4503,2547
5577150313,2016-05-08,0.0,0.0,0.0,0.0,0.0,0.0,0.0,0,0,0,1440,0,1819
2347167796,2016-04-29,0.03,0.03,0.0,0.0,0.0,0.03,0.0,0,0,4,2,42,403
8053475328,2016-04-24,17.95,17.95,0.0,13.13,1.55,3.26,0.0,129,33,182,1096,22988,3577
6775888955,2016-04-18,5.95,5.95,0.0,2.0,0.77,3.17,0.0,30,31,146,1233,8294,2798
4445114986,2016-04-22,4.58,4.58,0.0,0.0,0.0,4.58,0.0,0,0,317,706,6831,2432
6962181067,2016-05-08,2.77,2.77,0.0,0.0,0.52,2.25,0.0,0,14,151,709,4188,1659
1503960366,2016-04-30,9.25,9.25,0.0,3.56,1.42,4.27,0.0,52,34,217,712,14673,1947
6962181067,2016-04-20,9.55,9.55,0.0,4.28,0.19,5.09,0.0,48,4,297,639,13928,2174
4702921684,2016-05-09,6.68,6.68,0.0,0.0,0.57,6.1,0.0,0,12,253,746,8232,2990
7086361926,2016-04-25,6.82,6.82,0.0,3.75,0.7,2.37,0.0,69,39,129,706,10091,2752
1644430081,2016-05-03,9.34,9.34,0.0,0.72,4.09,4.54,0.0,10,94,221,1115,12850,3324
1624580081,2016-05-12,1.93,1.93,0.0,0.0,0.0,1.92,0.01,0,0,107,890,2971,1002
2873212765,2016-04-19,5.37,5.37,0.0,0.0,0.0,5.36,0.0,0,0,389,1051,7948,1956
2873212765,2016-05-02,5.06,5.06,0.0,0.0,0.21,4.83,0.02,0,7,334,1099,7525,1878
4020332650,2016-04-26,0.0,0.0,0.0,0.0,0.0,0.0,0.0,0,0,0,1440,0,1980
4020332650,2016-04-20,0.0,0.0,0.0,0.0,0.0,0.0,0.0,0,0,0,1440,0,1980
4445114986,2016-04-18,4.24,4.24,0.0,2.0,0.29,1.95,0.0,25,6,162,1247,6155,2248
2873212765,2016-04-25,4.95,4.95,0.0,0.0,0.0,4.95,0.0,0,0,359,1081,7373,1907
1503960366,2016-04-24,6.41,6.41,0.0,2.92,0.21,3.28,0.0,39,5,238,709,10039,1788
2022484408,2016-05-10,8.98,8.98,0.0,2.22,1.21,5.56,0.0,57,28,271,1084,12798,2797
4020332650,2016-05-04,7.35,7.35,0.0,0.67,1.04,5.58,0.0,13,46,346,531,10252,3879
4388161847,2016-04-24,7.88,7.88,0.0,1.08,0.51,6.3,0.0,14,8,239,584,10243,2885
5577150313,2016-04-21,8.09,8.09,0.0,3.65,1.66,2.78,0.0,110,74,175,670,10830,4018
2320127002,2016-04-19,4.04,4.04,0.0,0.0,0.38,3.66,0.0,0,11,228,1201,5997,1811
5553957443,2016-04-12,7.57,7.57,0.0,1.37,0.79,5.41,0.0,19,13,277,767,11596,2026
6775888955,2016-04-13,2.91,2.91,0.0,1.11,0.58,1.22,0.0,17,18,85,1053,4053,2400
4388161847,2016-05-03,9.79,9.79,0.0,1.13,0.78,7.88,0.0,18,18,306,984,12727,3290
7007744171,2016-04-17,5.39,5.39,0.0,0.0,0.0,5.39,0.0,0,0,305,1135,8059,2383
5577150313,2016-05-04,3.89,3.89,0.0,1.56,0.25,2.08,0.0,25,9,141,631,5206,2755
5577150313,2016-04-15,9.08,9.08,0.0,3.92,1.6,3.56,0.0,115,54,199,695,12087,4005
2022484408,2016-05-04,8.29,8.29,0.0,2.51,0.93,4.85,0.0,36,27,272,1105,11768,2649
6290855005,2016-04-16,6.28,6.28,0.0,0.0,0.0,6.27,0.01,0,0,258,1182,8301,2783
8877689391,2016-04-18,8.67,8.67,0.0,2.44,0.27,5.94,0.0,29,5,191,1215,11423,2761
6117666160,2016-04-21,15.01,15.01,0.0,0.98,0.4,5.62,0.0,11,19,294,579,19542,4900
2022484408,2016-04-21,8.74,8.74,0.0,3.33,1.11,4.31,0.0,104,53,255,1028,12453,3158
2347167796,2016-04-13,7.01,7.01,0.0,1.66,1.94,3.41,0.0,19,32,195,676,10352,2038
5577150313,2016-05-09,2.56,2.56,0.0,1.43,0.14,0.99,0.0,34,11,70,1099,3421,2489
8378563200,2016-04-24,2.94,2.94,0.0,0.0,0.0,2.94,0.0,0,0,135,734,3703,2741
4020332650,2016-05-11,2.65,2.65,0.0,0.11,0.17,2.33,0.0,2,8,134,1296,3689,2645
1644430081,2016-04-24,2.41,2.41,0.0,0.0,0.0,2.41,0.0,0,0,89,1351,3321,2413
1844505072,2016-05-03,2.68,2.68,0.0,0.0,0.0,2.68,0.0,0,0,184,1256,4059,1742
4702921684,2016-05-10,8.61,8.61,0.0,0.08,1.88,6.65,0.0,1,37,262,701,10613,3172
5553957443,2016-04-24,1.18,1.18,0.0,0.0,0.0,1.18,0.0,0,0,104,582,1807,1507
4319703577,2016-04-21,2.48,2.48,0.0,0.0,0.0,0.35,0.0,0,0,34,1265,3702,1792
1844505072,2016-04-24,0.0,0.0,0.0,0.0,0.0,0.0,0.0,0,0,0,1440,0,1347
1844505072,2016-05-04,1.37,1.37,0.0,0.0,0.0,1.37,0.0,0,0,87,1353,2080,1549
4319703577,2016-05-06,6.42,6.42,0.0,0.41,0.47,5.46,0.0,6,11,314,692,9524,2266
1844505072,2016-04-12,4.43,4.43,0.0,0.0,0.0,4.43,0.0,0,0,339,1101,6697,2030
4702921684,2016-05-05,6.99,6.99,0.0,0.67,0.22,6.09,0.0,8,5,241,745,8614,3006
1644430081,2016-05-09,4.83,4.83,0.0,2.39,0.35,2.09,0.01,32,6,303,1099,6643,3008
3977333714,2016-05-02,11.05,11.05,0.0,1.54,6.48,3.02,0.0,24,143,176,713,16520,1760
8877689391,2016-05-01,8.32,8.32,0.0,3.13,0.57,4.57,0.0,36,12,166,1226,10930,2786
8583815059,2016-04-26,8.19,8.19,0.0,0.07,4.22,3.89,0.0,1,91,214,1134,10499,3093
8583815059,2016-05-07,4.77,4.77,0.0,0.0,0.0,4.77,0.0,0,0,250,1190,6117,2810
5577150313,2016-04-12,6.08,6.08,0.0,3.6,0.38,2.1,0.0,86,16,140,728,8135,3405
5553957443,2016-05-03,8.39,8.39,0.0,1.5,1.2,5.68,0.0,26,29,247,812,12848,2116
5577150313,2016-04-17,9.14,9.14,0.0,5.98,0.83,2.32,0.0,200,37,159,525,12231,4552
1844505072,2016-04-14,5.25,5.25,0.0,0.0,0.0,5.23,0.0,0,0,373,843,7937,2130
1503960366,2016-04-23,9.04,9.04,0.0,2.81,0.87,5.36,0.0,41,21,262,732,14371,1949
4319703577,2016-04-27,7.23,7.23,0.0,0.41,1.92,4.91,0.0,6,47,300,680,10780,2324
4558609924,2016-04-16,4.82,4.82,0.0,0.55,0.75,3.5,0.0,8,12,308,1112,7289,1997
1624580081,2016-04-24,3.95,3.95,0.0,1.15,0.91,1.89,0.0,16,18,185,1221,6076,1617
1624580081,2016-04-23,5.55,5.55,0.0,0.0,0.0,5.54,0.01,0,0,227,1213,8538,1562
3977333714,2016-04-25,8.48,8.48,0.0,5.62,0.43,2.41,0.0,50,9,133,781,11177,1570
2022484408,2016-04-25,8.01,8.01,0.0,3.33,0.22,4.46,0.0,44,8,217,1171,11369,2470
8583815059,2016-04-29,11.83,11.83,0.0,3.9,3.0,4.92,0.0,46,67,258,1069,15168,3513
8583815059,2016-04-16,4.15,4.15,0.0,0.0,0.0,0.0,0.0,0,0,0,1440,5319,2693
8877689391,2016-05-10,8.15,8.15,0.0,1.35,0.46,6.28,0.0,18,11,224,1187,10733,2832
8583815059,2016-04-12,3.91,3.91,0.0,0.0,0.33,3.58,0.0,0,7,196,1237,5014,2650
1844505072,2016-04-20,0.01,0.01,0.0,0.0,0.0,0.01,0.0,0,0,1,1439,8,1349
2022484408,2016-05-06,7.18,7.18,0.0,1.87,0.67,4.64,0.0,24,17,295,1104,10227,2498
4388161847,2016-04-16,5.06,5.06,0.0,0.21,0.4,4.45,0.0,6,9,253,609,6580,3073
7007744171,2016-04-18,10.98,9.91,4.93,3.79,2.12,5.05,0.02,48,31,284,1077,14816,2832
8378563200,2016-04-21,12.01,12.01,2.25,6.9,0.82,4.29,0.0,137,16,145,677,15148,4236
6117666160,2016-05-02,3.73,3.73,0.0,0.0,0.0,3.73,0.0,0,0,236,1204,4933,2044
2022484408,2016-05-05,8.35,8.35,0.0,2.79,0.86,4.7,0.0,55,20,253,1112,11895,2609
5553957443,2016-04-19,10.11,10.11,0.0,4.28,1.66,4.18,0.0,69,28,249,756,15482,2284
6290855005,2016-04-21,0.0,0.0,0.0,0.0,0.0,0.0,0.0,0,0,0,1440,0,2060
7086361926,2016-04-20,10.64,10.64,0.0,7.64,0.45,2.54,0.0,87,13,145,797,14365,2997
8378563200,2016-05-02,4.81,4.81,2.09,0.63,0.17,4.01,0.0,63,4,142,802,6064,3491
4319703577,2016-04-14,6.88,6.88,0.0,0.11,0.33,6.44,0.0,1,9,339,589,10210,2302
2347167796,2016-04-22,5.16,5.16,0.0,0.56,1.68,2.92,0.0,9,27,206,781,7804,1946
8378563200,2016-04-20,7.44,7.44,2.09,2.23,0.44,4.78,0.0,82,8,169,763,9388,3787
3977333714,2016-05-01,7.07,7.07,0.0,2.67,1.98,2.41,0.0,41,40,124,691,10414,1501
5577150313,2016-04-20,6.22,6.22,0.0,4.12,0.34,1.76,0.0,87,16,113,773,8330,3192
1503960366,2016-04-27,12.21,12.21,0.0,6.4,0.41,5.41,0.0,78,11,243,1108,18134,2159
1503960366,2016-04-15,6.28,6.28,0.0,2.14,1.26,2.83,0.0,29,34,209,726,9762,1745
8583815059,2016-04-30,7.87,7.87,0.0,0.15,1.28,6.43,0.0,2,28,317,1093,10085,3164
2347167796,2016-04-21,6.75,6.75,0.0,1.85,1.53,3.38,0.0,23,26,208,761,10080,2048
6962181067,2016-05-06,3.91,3.91,0.0,0.0,0.0,3.91,0.0,0,0,299,717,5908,1850
7007744171,2016-04-12,10.29,9.48,4.87,4.5,0.38,5.41,0.0,53,8,355,1024,14172,2937
7007744171,2016-04-21,9.19,9.19,0.0,2.15,1.87,5.17,0.0,30,34,327,1049,13744,2763
4445114986,2016-04-26,4.41,4.41,0.0,2.41,0.04,1.96,0.0,29,1,180,839,6326,2291
4319703577,2016-04-24,2.74,2.74,0.0,0.06,0.2,2.47,0.0,1,5,191,692,4081,1880
2320127002,2016-04-18,4.42,4.42,0.0,0.0,0.26,4.14,0.0,0,7,260,1173,6559,1905
2022484408,2016-05-07,4.71,4.71,0.0,1.61,0.08,3.02,0.0,20,2,149,1269,6708,1995
8792009665,2016-04-19,0.0,0.0,0.0,0.0,0.0,0.0,0.0,0,0,0,1440,0,1688
6775888955,2016-04-27,0.0,0.0,0.0,0.0,0.0,0.0,0.0,0,0,0,1440,0,1841
3977333714,2016-04-20,7.83,7.83,0.0,0.2,4.35,3.28,0.0,2,98,164,845,11658,1554
5553957443,2016-04-30,0.78,0.78,0.0,0.0,0.0,0.78,0.0,0,0,84,506,1202,1463
1503960366,2016-04-21,6.34,6.34,0.0,1.34,0.35,4.65,0.0,19,8,211,838,9819,1775
2347167796,2016-04-14,6.7,6.7,0.0,0.02,2.74,3.94,0.0,1,48,206,705,10129,2010
1503960366,2016-05-04,7.15,7.15,0.0,2.46,0.87,3.82,0.0,36,22,203,1179,11100,1819
4020332650,2016-04-22,0.0,0.0,0.0,0.0,0.0,0.0,0.0,0,0,0,1440,0,1980
2320127002,2016-04-17,4.18,4.18,0.0,0.0,0.0,4.18,0.0,0,0,249,1191,6198,1852
6290855005,2016-04-12,3.45,3.45,0.0,0.0,0.0,3.45,0.0,0,0,199,1241,4562,2560
8253242879,2016-04-21,8.56,8.56,0.0,5.88,0.93,1.75,0.0,49,20,172,1199,11268,2218
8877689391,2016-04-26,8.43,8.43,0.0,1.76,0.13,6.5,0.0,22,3,258,1157,11101,2860
5553957443,2016-04-28,7.63,7.63,0.0,3.71,0.75,3.17,0.0,49,13,165,727,11393,1999
3977333714,2016-05-06,8.28,8.28,0.0,3.11,2.51,2.67,0.0,29,55,168,676,11677,1590
4388161847,2016-05-01,7.89,7.89,0.0,1.01,0.68,6.2,0.0,12,15,241,579,10255,2926
8792009665,2016-04-27,1.13,1.13,0.0,0.0,0.0,1.13,0.0,0,0,112,900,1758,2067
5553957443,2016-04-18,2.43,2.43,0.0,0.0,0.0,2.43,0.0,0,0,206,622,3727,1683
2026352035,2016-04-30,2.93,2.93,0.0,0.0,0.0,2.93,0.0,0,0,233,594,4729,1506
5577150313,2016-05-06,3.7,3.7,0.0,1.93,0.32,1.45,0.0,41,16,79,1304,4950,2643
4445114986,2016-04-14,2.67,2.67,0.0,0.0,0.0,2.67,0.0,0,0,231,717,3974,2194
2320127002,2016-05-03,5.02,5.02,0.0,1.49,0.37,3.16,0.0,20,10,206,1204,7443,1878
1844505072,2016-04-13,3.26,3.26,0.0,0.0,0.0,3.26,0.0,0,0,248,1192,4929,1860
4702921684,2016-04-29,8.05,8.05,0.0,1.06,0.92,6.07,0.0,12,19,267,692,9930,3165
5553957443,2016-05-04,2.77,2.77,0.0,0.0,0.0,2.77,0.0,0,0,224,651,4249,1698
5577150313,2016-04-28,7.43,7.43,0.0,3.25,1.17,3.01,0.0,99,51,141,692,9841,3580
8053475328,2016-04-30,5.59,5.59,0.0,2.99,0.06,2.54,0.0,27,1,131,1281,7135,2408
2873212765,2016-05-01,4.97,4.97,0.0,0.49,1.04,3.44,0.0,7,18,196,1219,7399,1739
2022484408,2016-05-12,6.41,6.41,0.0,1.28,0.67,4.44,0.0,16,16,236,728,9117,1853
7086361926,2016-04-29,4.95,4.95,0.0,0.49,0.45,4.0,0.0,24,36,182,1198,7881,2616
4388161847,2016-05-04,9.52,9.52,0.0,2.79,0.93,5.8,0.0,35,21,251,632,12375,3162
6290855005,2016-05-07,4.17,4.17,0.0,0.0,0.0,4.16,0.0,0,0,227,1213,5510,2613
1927972279,2016-05-12,0.0,0.0,0.0,0.0,0.0,0.0,0.0,0,0,0,966,0,1383
1644430081,2016-04-25,2.6,2.6,0.0,0.59,0.06,1.95,0.0,8,1,94,1337,3580,2497
4445114986,2016-04-19,1.39,1.39,0.0,0.0,0.0,1.39,0.0,0,0,121,895,2064,1954
8792009665,2016-04-25,0.0,0.0,0.0,0.0,0.0,0.0,0.0,0,0,0,1440,0,1688
8253242879,2016-04-19,2.78,2.78,0.0,0.0,0.0,2.78,0.0,0,0,164,1276,4212,1763
2873212765,2016-04-24,4.68,4.68,0.0,3.0,0.06,1.62,0.0,46,1,190,1203,6873,1898
1644430081,2016-04-18,5.19,5.19,0.0,1.07,1.67,2.45,0.0,15,33,121,1271,7132,2806
4445114986,2016-04-15,4.83,4.83,0.0,0.0,0.0,4.83,0.0,0,0,350,711,7198,2496
5577150313,2016-05-03,8.25,8.25,0.0,4.52,0.15,3.57,0.0,97,8,212,580,11045,3795
4558609924,2016-04-24,5.66,5.66,0.0,0.0,0.0,5.65,0.0,0,0,395,1045,8563,2173
2026352035,2016-04-15,2.37,2.37,0.0,0.0,0.0,2.37,0.0,0,0,188,687,3821,1444
2873212765,2016-04-18,5.24,5.24,0.0,0.07,0.28,4.89,0.0,1,6,311,1122,7762,1890
6962181067,2016-04-26,6.9,6.9,0.0,2.58,0.42,3.9,0.0,36,7,254,680,10433,2012
6117666160,2016-04-30,5.28,5.28,0.0,0.0,0.0,5.28,0.0,0,0,343,1040,6987,2275
2320127002,2016-05-02,2.45,2.45,0.0,0.36,0.21,1.88,0.0,5,6,123,1306,3634,1613
4558609924,2016-04-25,5.35,5.35,0.0,0.59,0.25,4.51,0.0,18,10,340,993,8095,2225
1644430081,2016-05-08,4.89,4.89,0.0,0.0,0.0,4.88,0.0,0,0,295,991,6724,2987
8053475328,2016-05-11,9.4,9.4,0.0,6.08,0.28,3.04,0.0,60,7,184,1189,12209,2809
1844505072,2016-05-07,0.0,0.0,0.0,0.0,0.0,0.0,0.0,0,0,0,1440,0,1347
1927972279,2016-04-14,1.5,1.5,0.0,0.0,0.4,1.1,0.0,0,9,88,1292,2163,2383
8053475328,2016-04-28,12.4,12.4,0.0,9.67,0.39,2.35,0.0,90,9,153,1188,15447,3062
2873212765,2016-05-06,4.75,4.75,0.0,0.0,0.12,4.61,0.01,0,5,370,1065,7063,1910
2320127002,2016-05-04,0.81,0.81,0.0,0.0,0.0,0.81,0.0,0,0,52,1388,1201,1426
1503960366,2016-04-12,8.5,8.5,0.0,1.88,0.55,6.06,0.0,25,13,328,728,13162,1985
8877689391,2016-05-03,8.21,8.21,0.0,1.39,0.1,6.67,0.01,19,3,229,1189,10818,2817
5577150313,2016-04-23,5.71,5.71,0.0,1.21,0.36,4.14,0.0,24,24,223,627,7638,3152
8792009665,2016-04-16,0.16,0.16,0.0,0.0,0.0,0.16,0.0,0,0,12,1428,244,1721
4558609924,2016-05-08,4.33,4.33,0.0,1.8,0.5,2.02,0.0,66,35,238,1019,6543,2666
4319703577,2016-04-26,6.64,6.64,0.0,0.57,0.92,5.15,0.0,8,21,288,649,9899,2236
7086361926,2016-04-21,6.18,6.18,0.0,1.36,0.3,4.51,0.0,19,6,206,758,9469,2463
1927972279,2016-04-15,0.68,0.68,0.0,0.0,0.0,0.68,0.0,0,0,51,941,980,2221
1844505072,2016-05-06,0.03,0.03,0.0,0.0,0.0,0.03,0.0,0,0,2,1438,44,1351
4445114986,2016-05-12,0.52,0.52,0.0,0.0,0.0,0.52,0.0,0,0,58,380,768,1212
6290855005,2016-05-06,4.62,4.62,0.0,0.0,0.0,4.59,0.03,0,0,305,1135,6116,2806
1624580081,2016-05-08,2.23,2.23,0.0,0.0,0.0,2.22,0.0,0,0,152,1288,3427,1427
7086361926,2016-05-12,2.56,2.56,0.0,0.38,0.27,1.89,0.0,5,4,58,343,3789,1199
8583815059,2016-04-18,3.01,3.01,0.0,0.31,1.06,1.35,0.0,4,22,105,1309,3864,2536
4020332650,2016-05-05,8.43,8.43,0.0,2.62,1.68,4.04,0.07,38,42,196,916,11728,3429
2873212765,2016-04-15,5.7,5.7,0.0,0.0,0.0,5.69,0.01,0,0,448,992,8482,2063
1624580081,2016-04-27,5.44,5.44,0.0,1.11,1.87,2.46,0.0,17,36,154,1233,8367,1670
4020332650,2016-04-15,1.35,1.35,0.0,0.21,0.36,0.77,0.0,36,18,87,1299,1882,2951
2026352035,2016-04-22,1.81,1.81,0.0,0.0,0.0,1.81,0.0,0,0,162,712,2915,1399
8877689391,2016-05-12,6.12,6.12,0.0,1.82,0.04,4.25,0.0,23,1,137,770,8064,1849
8053475328,2016-04-27,9.82,9.82,0.0,6.46,0.43,2.93,0.0,60,10,183,1187,12422,2852
8053475328,2016-04-17,13.69,13.69,0.0,9.24,0.8,3.64,0.0,111,21,195,1113,18827,3213
2347167796,2016-04-28,3.6,3.6,0.0,0.0,0.0,3.6,0.0,0,0,229,764,5439,1854
4445114986,2016-04-12,2.2,2.2,0.0,0.0,0.0,2.2,0.0,0,0,196,787,3276,2113
6290855005,2016-04-20,4.81,4.81,0.0,0.0,0.0,4.8,0.01,0,0,258,1182,6361,2701
3372868164,2016-04-20,3.33,3.33,0.0,0.84,0.09,2.38,0.02,15,3,274,1148,4880,1867
3977333714,2016-05-07,7.73,7.73,0.0,0.0,4.13,3.59,0.0,0,86,208,703,11550,1574
8792009665,2016-05-09,0.0,0.0,0.0,0.0,0.0,0.0,0.0,0,0,0,1440,0,1688
1927972279,2016-05-08,0.0,0.0,0.0,0.0,0.0,0.0,0.0,0,0,0,1440,0,2063
1927972279,2016-04-13,0.25,0.25,0.0,0.0,0.0,0.25,0.0,0,0,32,986,356,2151
8053475328,2016-05-02,1.43,1.43,0.0,0.0,0.0,1.43,0.0,0,0,95,1345,1969,1988
1624580081,2016-05-01,28.03,28.03,0.0,21.92,4.19,1.91,0.02,186,63,171,1020,36019,2690
4020332650,2016-04-19,0.0,0.0,0.0,0.0,0.0,0.0,0.0,0,0,0,1440,0,1980
8583815059,2016-05-02,6.61,6.61,0.0,0.0,0.0,0.0,0.0,0,0,0,1440,8469,2894
1927972279,2016-05-01,1.87,1.87,0.0,1.01,0.03,0.83,0.0,14,1,70,1355,2704,2411
4445114986,2016-05-09,3.54,3.54,0.0,0.0,0.0,3.54,0.0,0,0,266,641,5275,2281
4319703577,2016-04-30,5.52,5.52,0.0,0.4,1.61,3.51,0.0,6,38,196,695,8221,2092
6290855005,2016-04-17,5.94,5.94,0.0,1.14,0.79,4.0,0.0,31,12,225,1172,7851,3171
3977333714,2016-04-16,9.0,9.0,0.0,2.03,4.0,2.97,0.0,31,83,153,663,13459,1625
1503960366,2016-05-01,6.81,6.81,0.0,2.29,1.6,2.92,0.0,33,35,246,730,10602,1820
7086361926,2016-05-04,8.31,8.31,0.0,5.28,0.12,2.9,0.0,45,12,135,843,10988,2655
8583815059,2016-04-17,2.35,2.35,0.0,0.0,0.0,0.0,0.0,0,0,0,1440,3008,2439
7086361926,2016-05-03,6.76,6.76,0.0,2.74,0.85,3.16,0.0,57,36,152,761,10288,2754
4319703577,2016-05-08,2.46,2.46,0.0,0.0,0.0,2.46,0.0,0,0,153,603,3672,1792
5553957443,2016-04-13,3.16,3.16,0.0,0.0,0.0,3.16,0.0,0,0,226,647,4832,1718
5577150313,2016-04-26,3.98,3.98,0.0,0.85,0.65,2.47,0.0,38,32,181,759,5325,3088
1624580081,2016-04-19,1.9,1.9,0.0,0.0,0.0,1.9,0.0,0,0,141,1299,2916,1435
2022484408,2016-05-03,8.74,8.74,0.0,3.99,0.46,4.28,0.0,72,14,250,1104,12183,2752
2320127002,2016-05-11,4.33,4.33,0.0,0.0,0.0,4.33,0.0,0,0,300,1140,6424,1903
8053475328,2016-04-22,8.29,8.29,0.0,6.26,0.15,1.88,0.0,60,3,117,1260,10520,2655
6290855005,2016-04-13,5.4,5.4,0.0,0.0,0.0,5.39,0.01,0,0,350,1090,7142,2905
6962181067,2016-05-09,8.72,8.68,3.17,3.9,1.18,3.65,0.0,43,21,231,607,12342,2105
8877689391,2016-04-16,25.29,25.29,0.0,13.24,1.21,10.71,0.0,94,29,429,888,29326,4547
2022484408,2016-04-12,8.34,8.34,0.0,3.31,0.77,4.26,0.0,42,14,227,1157,11875,2390
2873212765,2016-05-04,5.56,5.56,0.0,0.0,0.0,5.56,0.0,0,0,420,1020,8278,2015
8877689391,2016-04-25,8.74,8.74,0.0,2.37,0.07,6.27,0.01,113,8,218,1101,12986,3802
1503960366,2016-04-29,7.15,7.15,0.0,1.06,0.5,5.58,0.0,16,12,243,815,11181,1837
1927972279,2016-04-16,0.0,0.0,0.0,0.0,0.0,0.0,0.0,0,0,0,1440,0,2064
3977333714,2016-04-18,7.8,7.8,0.0,0.25,3.73,3.82,0.0,4,95,214,605,11663,1584
2347167796,2016-04-20,7.27,7.27,0.0,0.68,1.81,4.78,0.0,11,43,269,1011,10999,2198
6117666160,2016-05-01,6.73,6.73,0.0,0.0,0.0,6.73,0.0,0,0,397,525,8915,2361
8792009665,2016-05-07,0.0,0.0,0.0,0.0,0.0,0.0,0.0,0,0,0,1440,0,1688
2026352035,2016-04-17,0.52,0.52,0.0,0.0,0.0,0.52,0.0,0,0,60,1053,838,1214
1844505072,2016-05-05,1.48,1.48,0.0,0.0,0.0,1.48,0.0,0,0,120,1320,2237,1589
7086361926,2016-04-28,7.8,7.8,0.0,2.79,1.64,3.36,0.0,54,48,161,810,11584,2862
2022484408,2016-05-08,2.31,2.31,0.0,0.0,0.0,2.31,0.0,0,0,135,1305,3292,1848
3372868164,2016-04-17,5.88,5.88,0.0,1.41,0.1,4.36,0.01,11,2,322,1105,8199,1964
7007744171,2016-04-13,9.65,8.6,4.85,4.61,0.56,4.48,0.0,56,22,261,1101,12862,2742
6775888955,2016-04-26,5.27,5.27,1.96,3.48,0.87,0.73,0.0,42,30,47,1321,7091,2584
6775888955,2016-05-07,1.41,1.41,0.0,0.13,0.24,1.05,0.0,2,5,49,551,1967,1032
8053475328,2016-04-29,9.65,9.65,0.0,6.17,0.31,3.17,0.0,58,8,159,1215,12315,2794
6117666160,2016-05-05,7.4,7.4,0.0,0.0,0.0,7.4,0.0,0,0,487,479,9799,2636
4702921684,2016-04-24,12.22,12.22,0.0,1.2,5.12,5.88,0.0,15,95,281,542,15050,3538
8877689391,2016-04-27,20.65,20.65,0.0,13.07,0.44,7.1,0.0,93,8,235,1104,23629,3808
1624580081,2016-04-26,1.84,1.84,0.0,0.0,0.0,1.83,0.01,0,0,140,1300,2826,1402
8583815059,2016-04-15,2.68,2.68,0.0,0.0,0.0,0.9,0.0,0,0,65,1375,3430,2505
2022484408,2016-04-15,8.03,8.03,0.0,1.94,0.31,5.78,0.0,27,9,282,1122,11034,2525
6962181067,2016-04-29,7.11,7.11,0.0,0.82,0.48,5.81,0.0,12,15,369,645,10762,2254
2022484408,2016-04-29,7.19,7.19,0.0,0.48,1.21,5.5,0.0,21,40,281,1098,10245,2611
1503960366,2016-04-28,8.53,8.53,0.0,3.54,1.16,3.79,0.0,48,28,189,782,13154,1898
4702921684,2016-04-18,7.38,7.38,0.0,1.82,1.49,4.07,0.0,22,30,191,890,9105,3013
1624580081,2016-04-29,1.55,1.55,0.0,0.0,0.0,1.55,0.0,0,0,150,1290,2390,1404
8877689391,2016-04-14,18.98,18.98,0.0,10.55,0.59,7.75,0.02,68,13,298,1061,21129,3793
8053475328,2016-05-03,11.9,11.9,0.0,8.39,0.93,2.59,0.0,87,22,165,1166,15484,3023
4702921684,2016-04-22,1.35,1.35,0.0,0.0,0.0,1.35,0.0,0,0,72,1341,1664,2241
6290855005,2016-04-30,5.1,5.1,0.0,0.0,0.0,5.09,0.01,0,0,324,1116,6744,2843
4558609924,2016-04-18,5.91,5.91,0.0,0.98,0.93,4.0,0.0,14,15,331,1080,8940,2116
2873212765,2016-04-30,5.68,5.68,0.0,0.33,1.08,4.26,0.01,5,20,248,1167,8452,1830
6117666160,2016-04-28,2.6,2.6,0.0,0.0,0.0,2.6,0.0,0,0,141,758,3403,1879
2320127002,2016-04-21,2.29,2.29,0.0,0.06,0.42,1.81,0.0,1,10,127,1302,3404,1610
1503960366,2016-05-08,6.58,6.58,0.0,3.53,0.32,2.73,0.0,44,8,203,574,10060,1740
7007744171,2016-05-05,11.1,10.04,4.88,4.33,1.29,5.48,0.0,53,23,317,1047,15010,2933
4388161847,2016-05-07,17.54,17.54,0.0,9.45,2.77,5.33,0.0,120,56,260,508,22770,4022
8792009665,2016-04-24,0.26,0.26,0.0,0.04,0.05,0.16,0.0,3,8,19,1410,400,1799
4020332650,2016-04-30,0.0,0.0,0.0,0.0,0.0,0.0,0.0,0,0,0,1440,0,1980
2320127002,2016-04-25,2.42,2.42,0.0,0.23,0.2,1.99,0.0,3,5,152,1280,3588,1654
1624580081,2016-04-18,7.41,7.41,0.0,2.15,0.62,4.62,0.01,17,7,202,1214,10536,1604
8792009665,2016-05-08,0.0,0.0,0.0,0.0,0.0,0.0,0.0,0,0,0,1440,0,1688
4020332650,2016-05-10,3.98,3.98,0.0,0.0,0.0,3.87,0.04,0,0,206,774,5546,2926
4445114986,2016-05-08,4.9,4.9,0.0,0.0,0.25,4.65,0.0,0,8,308,733,7303,2423
8792009665,2016-05-10,0.0,0.0,0.0,0.0,0.0,0.0,0.0,0,0,0,48,0,57
8053475328,2016-05-12,3.91,3.91,0.0,2.95,0.2,0.76,0.0,28,4,39,839,4998,1505
7086361926,2016-04-27,8.34,8.34,0.0,5.63,0.18,2.53,0.0,55,6,145,829,11107,2693
2026352035,2016-04-21,1.53,1.53,0.0,0.0,0.0,1.53,0.0,0,0,153,749,2467,1370
8253242879,2016-04-14,3.46,3.46,0.0,1.93,0.99,0.54,0.0,29,16,33,1362,5234,1705
8253242879,2016-04-24,7.13,7.13,0.0,5.6,0.19,1.34,0.0,41,4,82,1313,8905,1976
4558609924,2016-05-11,6.02,6.02,0.0,0.26,1.82,3.94,0.0,4,31,324,1081,9108,2131
8877689391,2016-04-13,9.58,9.58,0.0,3.55,0.38,5.64,0.0,108,18,216,1098,15337,3566
8253242879,2016-04-12,7.16,7.16,0.0,5.43,0.14,1.59,0.0,40,2,154,1244,9033,2044
5577150313,2016-04-24,11.78,11.78,0.0,7.65,2.15,1.98,0.0,210,65,141,425,15764,4392
8877689391,2016-04-12,20.4,20.4,0.0,12.22,0.34,7.82,0.0,85,7,312,1036,23186,3921
2022484408,2016-04-20,10.67,10.67,0.0,3.34,1.93,5.4,0.0,48,63,276,1053,15112,2897
6775888955,2016-04-16,3.39,3.39,0.0,2.52,0.81,0.06,0.0,36,18,9,1377,4732,2225
1927972279,2016-05-11,0.0,0.0,0.0,0.0,0.0,0.0,0.0,0,0,0,1440,0,2063
6290855005,2016-04-25,5.9,5.9,0.0,0.68,0.18,5.03,0.01,8,3,249,1180,7802,2771
6775888955,2016-04-14,3.7,3.7,0.0,0.87,0.86,1.97,0.0,14,24,105,863,5162,2507
6962181067,2016-05-10,10.21,10.21,0.0,3.47,1.75,4.99,0.0,62,34,275,626,15448,2361
1844505072,2016-05-01,1.7,1.7,0.0,0.0,0.26,1.45,0.0,0,7,75,585,2573,1541
2320127002,2016-04-22,3.76,3.76,0.0,0.0,0.0,3.76,0.0,0,0,266,1174,5583,1851
6290855005,2016-05-01,7.44,7.44,0.0,0.66,2.75,4.0,0.02,8,95,282,1055,9837,3327
1844505072,2016-04-23,2.36,2.36,0.0,0.0,0.0,2.36,0.0,0,0,139,1301,3570,1645
4388161847,2016-04-21,7.73,7.73,0.0,0.37,0.39,6.98,0.0,7,12,272,853,10055,3069
4388161847,2016-04-19,7.83,7.83,0.0,1.37,0.69,5.77,0.0,20,16,249,704,10181,3015
6962181067,2016-05-05,6.96,6.96,0.0,0.99,1.16,4.81,0.0,14,22,305,591,10524,2066
5577150313,2016-05-01,9.99,9.99,0.0,5.31,1.44,3.24,0.0,194,72,178,499,13368,4546
7007744171,2016-05-03,10.87,9.71,4.91,4.48,1.02,5.36,0.0,58,31,330,1021,14510,2976
1844505072,2016-05-09,0.0,0.0,0.0,0.0,0.0,0.0,0.0,0,0,0,1440,0,1347
1624580081,2016-05-04,1.43,1.43,0.0,0.0,0.0,1.42,0.0,0,0,118,1322,2193,1368
1927972279,2016-05-10,0.0,0.0,0.0,0.0,0.0,0.0,0.0,0,0,0,1440,0,2063
4319703577,2016-05-04,7.02,7.02,0.0,0.59,0.58,5.85,0.0,8,13,313,1106,10429,2282
8792009665,2016-04-18,0.0,0.0,0.0,0.0,0.0,0.0,0.0,0,0,0,1440,0,1688
2026352035,2016-05-04,4.07,4.07,0.0,0.0,0.0,4.07,0.0,0,0,345,530,6564,1658
8053475328,2016-05-06,11.0,11.0,0.0,9.1,0.69,1.21,0.0,90,15,90,1245,13953,2859
7007744171,2016-04-16,3.1,3.1,0.0,0.0,0.0,3.1,0.0,0,0,203,1155,4631,2076
1503960366,2016-04-20,6.68,6.68,0.0,1.96,0.48,4.24,0.0,28,12,205,818,10544,1786
7086361926,2016-05-02,6.81,6.81,0.0,3.48,0.66,2.66,0.0,66,26,139,737,10052,2754
1624580081,2016-04-17,4.06,4.06,0.0,1.03,1.52,1.49,0.01,15,22,127,1276,6175,1554
4445114986,2016-04-21,2.56,2.56,0.0,0.0,0.0,2.54,0.0,0,0,215,756,3809,2150
2347167796,2016-04-18,5.45,5.45,0.0,0.79,0.86,3.79,0.0,11,16,206,678,8247,1944
3372868164,2016-04-19,5.26,5.26,0.0,0.0,0.0,5.24,0.02,0,0,376,1064,7711,1985
8792009665,2016-04-28,3.94,3.94,0.0,0.0,0.0,3.94,0.0,0,0,310,714,6157,2780
5577150313,2016-04-16,10.66,10.66,0.0,6.64,1.28,2.73,0.0,184,56,158,472,14269,4274
6117666160,2016-05-08,5.53,5.53,0.0,0.0,0.0,5.53,0.0,0,0,318,517,7328,2250
6775888955,2016-04-23,0.0,0.0,0.0,0.0,0.0,0.0,0.0,0,0,0,1440,0,1841
6775888955,2016-05-03,0.01,0.01,0.0,0.0,0.0,0.01,0.0,0,0,1,1439,9,1843
2347167796,2016-04-27,7.58,7.58,0.0,1.86,0.4,5.32,0.0,26,9,295,623,11423,2194
6117666160,2016-04-25,0.0,0.0,0.0,0.0,0.0,0.0,0.0,0,0,0,1440,0,1497
3372868164,2016-04-13,6.63,6.63,0.0,0.99,0.34,5.27,0.02,16,8,371,1045,9715,2093
4388161847,2016-04-14,6.82,6.82,0.0,0.13,1.07,5.62,0.0,10,35,219,945,8863,2998
1927972279,2016-05-09,0.0,0.0,0.0,0.0,0.0,0.0,0.0,0,0,0,1440,0,2063
7086361926,2016-04-15,5.67,5.67,0.0,2.04,1.11,2.53,0.0,30,21,139,864,8585,2395
6290855005,2016-04-27,4.21,4.21,0.0,0.0,0.0,4.18,0.03,0,0,287,1153,5565,2743
8378563200,2016-04-27,5.84,5.84,0.0,0.33,0.18,5.33,0.0,4,4,192,676,7359,3061
5553957443,2016-04-26,7.76,7.76,0.0,2.37,0.93,4.46,0.0,40,18,238,750,11886,2093
7086361926,2016-04-18,6.71,6.71,0.0,3.17,1.22,2.31,0.0,61,51,114,1136,9827,2743
4558609924,2016-04-26,6.05,6.05,0.0,0.43,2.03,3.59,0.0,12,41,283,1062,9148,2223
1927972279,2016-05-06,1.45,1.45,0.0,0.0,0.0,1.45,0.0,0,0,108,1332,2091,2383
1927972279,2016-05-05,0.0,0.0,0.0,0.0,0.0,0.0,0.0,0,0,0,1440,0,2063
8378563200,2016-04-30,2.34,2.34,0.0,0.0,0.0,2.34,0.0,0,0,121,780,2946,2660
8583815059,2016-05-05,9.69,9.69,0.0,0.0,0.0,1.18,0.0,0,0,70,1370,12427,3266
6962181067,2016-04-25,9.27,9.08,2.79,3.02,1.68,4.46,0.1,35,31,282,637,13239,2194
6775888955,2016-04-17,1.79,1.79,0.0,0.35,1.13,0.31,0.0,5,24,19,1392,2497,2067
4020332650,2016-04-14,0.08,0.08,0.0,0.0,0.0,0.03,0.0,0,0,3,1437,108,2011
4445114986,2016-05-02,4.75,4.75,0.0,2.21,0.19,2.35,0.0,27,4,200,667,6910,2336
3977333714,2016-04-21,4.08,4.08,0.0,0.0,0.0,4.06,0.0,0,0,242,712,6093,1397
2026352035,2016-04-13,3.1,3.1,0.0,0.0,0.0,3.1,0.0,0,0,238,663,4993,1521
1927972279,2016-04-12,0.47,0.47,0.0,0.0,0.0,0.47,0.0,0,0,55,734,678,2220
8253242879,2016-04-13,6.1,6.1,0.0,4.17,0.63,1.31,0.0,35,11,96,1298,8053,1935
6117666160,2016-04-23,8.68,8.68,0.0,0.0,0.0,8.68,0.0,0,0,512,468,11495,2651
1927972279,2016-05-02,2.62,2.62,0.0,1.16,0.3,1.16,0.0,16,8,94,1322,3790,2505
8792009665,2016-05-01,1.04,1.04,0.0,0.0,0.0,1.04,0.0,0,0,79,834,1619,1962
2026352035,2016-04-24,2.16,2.16,0.0,0.0,0.0,2.16,0.0,0,0,164,704,3490,1401
6117666160,2016-04-24,5.76,5.76,0.0,0.0,0.0,5.76,0.0,0,0,362,711,7623,2305
2873212765,2016-04-26,5.54,5.54,0.0,0.12,0.18,5.24,0.0,2,5,309,1124,8242,1882
2873212765,2016-05-10,5.56,5.56,0.0,0.0,0.0,5.55,0.01,0,0,373,1067,8275,1962
4319703577,2016-05-01,0.84,0.84,0.0,0.0,0.0,0.84,0.0,0,0,67,836,1251,1593
1844505072,2016-05-12,0.0,0.0,0.0,0.0,0.0,0.0,0.0,0,0,0,711,0,665
2022484408,2016-05-11,9.32,9.32,0.0,4.18,1.15,3.99,0.0,58,25,224,1133,13272,2544
2026352035,2016-04-29,4.71,4.71,0.0,0.0,0.0,4.71,0.0,0,0,352,492,7604,1692
4388161847,2016-05-08,14.38,14.38,0.0,9.89,1.26,3.23,0.0,107,38,178,576,17298,3934
2320127002,2016-05-12,1.79,1.79,0.0,0.0,0.0,1.79,0.0,0,0,128,830,2661,1125
4388161847,2016-04-15,6.73,6.73,0.0,0.0,0.0,6.73,0.0,0,0,299,837,8758,3066
7007744171,2016-04-19,10.48,9.5,4.94,4.41,0.76,5.31,0.0,53,17,304,1066,14194,2812
7007744171,2016-04-22,10.24,10.24,0.0,4.1,1.76,4.37,0.0,64,50,261,1065,15299,2889
8378563200,2016-04-26,12.85,12.85,0.0,7.51,0.92,4.42,0.0,90,18,161,593,16208,3763
1927972279,2016-04-18,0.17,0.17,0.0,0.0,0.0,0.17,0.0,0,0,17,1423,244,2111
6290855005,2016-04-24,4.46,4.46,0.0,0.0,0.0,4.46,0.0,0,0,258,1182,5896,2703
4319703577,2016-05-03,6.47,6.47,0.0,0.58,1.07,4.83,0.0,8,26,287,669,9648,2235
7007744171,2016-05-07,0.0,0.0,0.0,0.0,0.0,0.0,0.0,0,0,0,111,0,120
7007744171,2016-04-24,7.42,7.42,0.0,0.0,0.0,7.42,0.0,0,0,419,1021,11085,2667
8792009665,2016-05-05,0.0,0.0,0.0,0.0,0.0,0.0,0.0,0,0,0,1440,0,1688
2320127002,2016-04-15,3.51,3.51,0.0,0.0,0.0,3.51,0.0,0,0,245,1195,5205,1801
6290855005,2016-04-28,4.33,4.33,0.0,0.0,0.0,4.33,0.0,0,0,255,1185,5731,2687
8583815059,2016-04-21,6.66,6.66,0.0,2.63,1.02,3.01,0.0,35,18,158,1229,8538,2883
6962181067,2016-05-07,4.5,4.5,0.0,0.0,0.0,4.5,0.0,0,0,328,745,6815,1947
7086361926,2016-05-01,8.07,8.07,0.0,2.3,0.9,4.85,0.0,30,15,258,685,12390,2730
8583815059,2016-04-24,6.46,6.46,0.0,0.15,2.05,4.27,0.0,2,44,206,1188,8286,2889
6117666160,2016-05-09,3.38,3.38,0.0,0.0,0.0,3.38,0.0,0,0,197,125,4477,1248
8053475328,2016-05-01,0.85,0.85,0.0,0.0,0.0,0.85,0.0,0,0,51,1389,1170,1886
7007744171,2016-04-14,8.24,7.48,3.29,2.95,0.34,4.96,0.0,34,6,304,1096,11179,2668
4319703577,2016-04-17,0.02,0.02,0.0,0.0,0.0,0.02,0.0,0,0,3,1363,29,1464
8877689391,2016-04-15,7.17,7.17,0.0,0.05,0.05,7.01,0.01,106,1,281,1052,13422,3934
4702921684,2016-04-16,9.03,9.03,0.0,0.24,1.25,7.54,0.0,3,24,335,556,11140,3328
2873212765,2016-04-14,5.32,5.32,0.0,0.0,0.0,5.32,0.0,0,0,331,1109,7910,1893
8877689391,2016-04-20,18.11,18.11,0.0,11.02,0.69,6.34,0.0,73,19,225,1123,19948,3679
4388161847,2016-05-11,7.84,7.84,0.0,0.53,0.79,6.53,0.0,8,18,256,858,10201,2954
4558609924,2016-05-04,3.46,3.46,0.0,0.0,0.0,3.46,0.0,0,0,252,1188,5232,1842
1844505072,2016-05-02,0.0,0.0,0.0,0.0,0.0,0.0,0.0,0,0,0,1440,0,1348
6962181067,2016-04-23,13.24,13.24,0.0,4.2,2.0,7.04,0.0,58,41,347,484,20031,2571
2320127002,2016-04-28,1.03,1.03,0.0,0.0,0.0,1.03,0.0,0,0,76,1364,1532,1473
8253242879,2016-04-29,4.26,4.26,0.0,1.29,0.54,2.4,0.0,16,14,136,1257,6260,1854
6117666160,2016-04-22,6.2,6.2,0.0,0.0,0.0,6.2,0.0,0,0,402,413,8206,2409
6775888955,2016-04-29,0.0,0.0,0.0,0.0,0.0,0.0,0.0,0,0,0,1440,0,1841
4020332650,2016-05-09,3.27,3.27,0.0,0.2,0.12,2.94,0.0,3,5,173,1225,4556,2785
8877689391,2016-04-24,15.74,15.74,0.0,11.01,0.01,4.69,0.0,64,1,227,1148,16674,3455
8792009665,2016-04-20,2.01,2.01,0.0,0.0,0.28,1.74,0.0,0,10,139,744,3147,2188
2320127002,2016-04-29,0.62,0.62,0.0,0.0,0.0,0.62,0.0,0,0,45,1395,924,1410
7086361926,2016-04-12,8.41,8.41,0.0,5.27,0.15,2.97,0.0,59,6,153,745,11317,2772
6775888955,2016-05-04,0.0,0.0,0.0,0.0,0.0,0.0,0.0,0,0,0,1440,0,1841
3977333714,2016-04-13,6.71,6.71,0.0,2.03,2.13,2.55,0.0,31,46,153,754,10035,1495
6290855005,2016-05-05,4.79,4.79,0.0,0.0,0.0,4.79,0.0,0,0,239,1201,6339,2682
4319703577,2016-05-11,6.13,6.13,0.0,0.2,0.74,5.18,0.0,3,18,311,574,9129,2232
8378563200,2016-05-06,5.59,5.59,2.09,1.55,0.25,3.78,0.0,74,5,166,831,7045,3644
6962181067,2016-05-11,4.44,4.44,0.0,1.49,0.31,2.65,0.0,24,7,199,709,6722,1855
4020332650,2016-04-24,0.0,0.0,0.0,0.0,0.0,0.0,0.0,0,0,0,1440,0,1980
2347167796,2016-04-23,11.37,11.37,0.0,2.78,1.45,7.15,0.0,32,35,360,591,16901,2629
6290855005,2016-04-14,5.8,5.8,0.0,0.0,0.0,5.77,0.03,0,0,363,1077,7671,2952
6290855005,2016-04-19,5.4,5.4,0.0,0.0,0.0,5.39,0.01,0,0,321,1119,7142,2839
2873212765,2016-04-29,4.95,4.95,0.0,1.36,1.41,2.18,0.0,20,23,206,1191,7365,1780
4020332650,2016-05-12,0.42,0.42,0.0,0.0,0.0,0.41,0.0,0,0,21,721,590,1120
4319703577,2016-04-15,3.8,3.8,0.0,0.0,0.0,3.8,0.0,0,0,228,752,5664,1985
2320127002,2016-04-20,4.85,4.85,0.0,0.0,0.49,4.34,0.0,0,11,283,1146,7192,1922
8792009665,2016-04-26,0.85,0.85,0.0,0.0,0.0,0.85,0.0,0,0,80,1360,1321,1928
7086361926,2016-05-09,9.11,9.11,0.0,4.26,1.71,3.12,0.0,67,50,171,743,13566,2960
4445114986,2016-05-11,6.11,6.11,0.0,2.25,1.0,2.86,0.0,34,22,232,622,9105,2499
4020332650,2016-04-13,0.0,0.0,0.0,0.0,0.0,0.0,0.0,0,0,0,1440,0,1981
4702921684,2016-04-12,5.88,5.88,0.0,0.0,0.0,5.85,0.0,0,0,263,718,7213,2947
6290855005,2016-04-26,0.0,0.0,0.0,0.0,0.0,0.0,0.0,0,0,0,1440,0,2060
8877689391,2016-04-30,26.72,26.72,0.0,21.66,0.08,4.93,0.0,124,4,223,1089,27745,4398
8583815059,2016-05-03,9.37,9.37,0.0,0.0,0.0,0.0,0.0,0,0,0,1440,12015,3212
8378563200,2016-05-12,3.62,3.62,0.0,0.65,0.27,2.69,0.0,8,6,102,433,4561,1976
6117666160,2016-05-04,2.26,2.26,0.0,0.0,0.0,2.26,0.0,0,0,156,1279,2997,1902
8253242879,2016-04-15,1.77,1.77,0.0,0.0,0.0,1.76,0.0,0,0,105,1335,2672,1632
6290855005,2016-05-02,5.13,5.13,0.0,0.0,0.0,5.11,0.02,0,0,268,1172,6781,2725
8053475328,2016-05-08,17.65,17.65,0.0,13.4,0.59,3.66,0.0,125,14,228,1073,22026,3589
5553957443,2016-05-02,6.38,6.38,0.0,1.06,0.41,4.9,0.0,23,9,227,724,9769,1996
8792009665,2016-04-30,4.59,4.59,0.0,0.33,0.36,3.91,0.0,10,20,301,749,7174,2896
5577150313,2016-04-22,6.85,6.85,0.0,2.42,0.79,3.3,0.0,62,30,200,823,9172,3329
1644430081,2016-05-05,3.19,3.19,0.0,0.52,0.54,2.13,0.01,6,12,81,1341,4363,2463
2320127002,2016-05-08,3.48,3.48,0.0,0.0,0.0,3.47,0.0,0,0,247,1193,5161,1821
6962181067,2016-04-30,6.66,6.66,0.0,2.24,0.76,3.67,0.0,32,16,237,731,10081,2002
2022484408,2016-04-17,11.4,11.4,0.0,3.87,0.66,6.88,0.0,28,29,331,1052,15112,2782
4702921684,2016-05-01,0.0,0.0,0.0,0.0,0.0,0.0,0.0,0,0,0,1440,0,2017
1624580081,2016-04-16,3.49,3.49,0.0,0.0,0.0,3.49,0.0,0,0,176,1264,5370,1463
5553957443,2016-04-16,3.77,3.77,0.0,0.0,0.0,3.77,0.0,0,0,288,521,5771,1831
2022484408,2016-04-28,7.12,7.12,0.0,0.41,1.33,5.39,0.0,6,20,291,1123,10140,2296
6775888955,2016-04-12,0.0,0.0,0.0,0.0,0.0,0.0,0.0,0,0,0,1440,0,1841
8378563200,2016-04-28,4.3,4.3,0.0,0.9,0.49,2.91,0.0,11,10,139,711,5417,2884
8253242879,2016-04-17,7.91,7.91,0.0,5.43,0.15,2.33,0.0,41,5,157,1237,10204,2112
8053475328,2016-05-09,9.38,9.38,0.0,6.12,0.57,2.69,0.0,66,12,148,1214,12465,2765
8792009665,2016-04-17,0.0,0.0,0.0,0.0,0.0,0.0,0.0,0,0,0,1440,0,1688
7007744171,2016-05-04,0.0,0.0,0.0,0.0,0.0,0.0,0.0,0,0,0,1440,0,1557
1844505072,2016-04-15,2.54,2.54,0.0,0.0,0.0,2.54,0.0,0,0,176,527,3844,1725
5553957443,2016-05-09,7.58,7.58,0.0,2.13,0.89,4.56,0.0,59,22,251,667,11611,2272
2320127002,2016-05-06,3.29,3.29,0.0,0.0,0.0,3.29,0.0,0,0,204,1236,4878,1742
7086361926,2016-04-17,0.0,0.0,0.0,0.0,0.0,0.0,0.0,0,0,0,1440,0,1629
5577150313,2016-04-19,9.42,9.42,0.0,7.02,0.64,1.76,0.0,108,23,111,733,12574,3501
6962181067,2016-04-22,7.09,7.09,0.0,1.77,1.55,3.77,0.0,30,33,240,659,10725,2086
4445114986,2016-04-29,3.14,3.14,0.0,0.0,0.0,3.13,0.0,0,0,226,1106,4676,2196
5553957443,2016-04-29,8.33,8.33,0.0,2.79,0.64,4.91,0.0,46,15,270,709,12764,2169
8378563200,2016-04-17,1.69,1.69,0.0,0.0,0.0,1.69,0.0,0,0,93,599,2132,2572
2026352035,2016-05-03,3.72,3.72,0.0,0.0,0.0,3.72,0.0,0,0,304,981,5992,1604
4319703577,2016-04-23,3.31,3.31,0.0,0.0,0.0,3.31,0.0,0,0,233,546,4935,1945
4319703577,2016-04-28,7.28,7.28,0.0,1.01,0.33,5.94,0.0,13,8,359,552,10817,2367
7086361926,2016-05-11,6.52,6.52,0.0,2.89,1.39,2.23,0.0,57,40,128,757,9572,2735
8053475328,2016-05-10,11.36,11.36,0.0,9.09,0.42,1.85,0.0,96,10,115,1219,14810,2926
2320127002,2016-04-13,4.9,4.9,0.0,0.0,0.0,4.9,0.0,0,0,335,1105,7275,2003
1503960366,2016-04-16,8.16,8.16,0.0,2.71,0.41,5.04,0.0,36,10,221,773,12669,1863
8053475328,2016-04-12,14.12,14.12,0.0,11.64,0.39,2.1,0.0,116,8,123,1193,18060,3186
6290855005,2016-04-29,0.0,0.0,0.0,0.0,0.0,0.0,0.0,0,0,0,1440,0,2060
8378563200,2016-05-05,6.79,6.79,2.25,0.89,0.16,5.74,0.0,66,3,214,764,8567,3783
6117666160,2016-04-27,7.11,7.11,0.0,0.0,0.0,7.11,0.0,0,0,458,417,9411,2576
7086361926,2016-04-13,3.62,3.62,0.0,0.56,0.21,2.84,0.0,31,26,155,744,5813,2516
5553957443,2016-04-22,7.63,7.63,0.0,1.38,0.63,5.6,0.0,25,16,270,781,11682,2105
7007744171,2016-04-26,10.1,10.1,0.0,0.93,0.94,8.23,0.0,16,22,424,978,15090,2939
6962181067,2016-04-15,3.68,3.68,0.0,0.0,0.0,3.68,0.0,0,0,217,837,5563,1756
1844505072,2016-04-18,3.04,3.04,0.0,0.0,0.48,2.56,0.0,0,12,217,1211,4597,1814
7007744171,2016-04-28,10.12,10.12,0.0,1.09,0.77,8.26,0.0,16,16,401,1007,15128,2836
5577150313,2016-04-18,7.39,7.39,0.0,4.86,0.72,1.82,0.0,114,32,130,623,9893,3625
4319703577,2016-05-07,5.33,5.33,0.0,0.19,1.05,4.08,0.0,3,28,279,586,7937,2158
4558609924,2016-05-10,4.25,4.25,0.0,0.74,1.12,2.39,0.0,11,18,220,1191,6435,1889
1624580081,2016-04-28,1.79,1.79,0.0,0.0,0.2,1.6,0.0,0,5,115,1320,2759,1401
1624580081,2016-04-13,4.55,4.55,0.0,0.0,0.0,4.55,0.0,0,0,148,1292,7007,1411
8053475328,2016-04-23,17.19,17.19,0.0,12.54,0.63,4.02,0.0,125,14,223,741,22359,3554
2026352035,2016-04-27,3.77,3.77,0.0,0.0,0.0,3.77,0.0,0,0,286,586,6088,1593
1927972279,2016-04-23,2.04,2.04,0.0,0.0,0.0,2.04,0.0,0,0,145,1295,2945,2499
1503960366,2016-05-09,7.72,7.72,0.0,3.45,0.53,3.74,0.0,46,11,206,835,12022,1819
8378563200,2016-04-19,10.36,10.36,2.25,5.3,0.88,4.18,0.0,120,19,154,737,13070,4092
2320127002,2016-04-26,2.3,2.3,0.0,0.0,0.0,2.3,0.0,0,0,147,1293,3409,1632
4558609924,2016-04-27,6.32,6.32,0.0,1.96,0.89,3.46,0.0,27,14,312,1087,9557,2098
8053475328,2016-04-16,11.11,11.11,0.0,9.36,0.27,1.49,0.0,96,6,83,1255,14549,2867
4057192912,2016-04-13,4.47,4.47,0.0,0.0,0.0,4.37,0.0,0,0,160,1280,5974,2306
2873212765,2016-05-05,5.61,5.61,0.0,0.78,0.8,4.03,0.0,13,23,311,1093,8314,1971
4388161847,2016-04-18,9.1,9.1,0.0,3.56,0.4,5.14,0.0,27,8,239,1017,11009,3274
6775888955,2016-05-02,0.0,0.0,0.0,0.0,0.0,0.0,0.0,0,0,0,1440,0,1841
4319703577,2016-04-22,3.02,3.02,0.0,0.06,0.81,2.15,0.0,1,19,176,709,4500,1886
5577150313,2016-05-07,0.0,0.0,0.0,0.0,0.0,0.0,0.0,0,0,0,1440,0,1819
4558609924,2016-05-06,2.48,2.48,0.0,0.0,0.0,2.48,0.0,0,0,202,1238,3755,1722
1927972279,2016-04-27,0.0,0.0,0.0,0.0,0.0,0.0,0.0,0,0,0,1440,0,2063
1644430081,2016-04-12,7.77,7.77,0.0,0.14,2.3,5.33,0.0,2,51,256,1131,10694,3199
4445114986,2016-05-10,2.63,2.63,0.0,0.0,0.0,2.63,0.0,0,0,231,783,3915,2181
6290855005,2016-05-04,4.41,4.41,0.0,0.0,0.0,4.4,0.01,0,0,272,1168,5832,2718
1927972279,2016-04-17,0.0,0.0,0.0,0.0,0.0,0.0,0.0,0,0,0,1440,0,2063
8877689391,2016-04-19,17.4,17.4,0.0,12.15,0.18,5.03,0.0,82,13,214,1131,18785,3676
4702921684,2016-04-27,5.72,5.72,0.0,0.09,0.8,4.78,0.0,1,16,238,733,7047,2908
1644430081,2016-04-14,8.02,8.02,0.0,0.36,2.56,5.1,0.0,5,58,252,1125,11037,3226
8253242879,2016-04-25,4.51,4.51,0.0,0.36,2.39,1.77,0.0,7,54,118,1261,6829,1909
1503960366,2016-04-26,8.79,8.79,0.0,2.33,0.92,5.54,0.0,31,23,279,833,13755,1970
2022484408,2016-04-14,7.5,7.5,0.0,2.48,0.21,4.82,0.0,32,3,257,1148,10690,2312
1624580081,2016-04-21,4.13,4.13,0.0,0.0,0.0,4.11,0.02,0,0,186,1254,6349,1467
4558609924,2016-04-30,6.82,6.82,0.0,0.47,1.89,4.46,0.0,7,29,293,1111,10319,2105
4057192912,2016-04-14,0.0,0.0,0.0,0.0,0.0,0.0,0.0,0,0,0,1440,0,1776
2026352035,2016-04-14,2.07,2.07,0.0,0.0,0.0,2.05,0.0,0,0,197,653,3335,1431
7086361926,2016-05-08,7.1,7.1,0.0,2.31,1.53,3.25,0.0,32,27,147,695,10677,2534
2320127002,2016-04-12,7.49,7.49,0.0,1.17,0.31,6.01,0.0,13,9,306,1112,10725,2124
8053475328,2016-05-05,11.51,11.51,0.0,8.85,0.45,2.21,0.0,93,9,130,1208,14990,2950
1624580081,2016-05-03,1.37,1.37,0.0,0.0,0.0,1.34,0.02,0,0,96,1344,2100,1334
3977333714,2016-05-03,9.59,9.59,0.0,3.32,1.74,4.53,0.0,47,41,258,594,14335,1710
7086361926,2016-04-23,1.81,1.81,0.0,0.0,0.0,1.8,0.0,0,0,90,1350,2817,1965
7007744171,2016-04-20,11.31,10.41,4.92,4.79,0.67,5.86,0.0,60,33,347,1000,15566,3096
7007744171,2016-04-25,13.34,12.2,4.86,4.31,1.37,7.67,0.0,51,24,379,986,18229,3055
2873212765,2016-05-12,5.11,5.11,0.0,0.0,0.0,5.11,0.0,0,0,268,720,7566,1431
6962181067,2016-05-03,8.12,8.12,0.0,1.74,2.04,4.33,0.0,21,36,267,654,12109,2072
2347167796,2016-04-16,15.08,15.08,0.0,5.45,4.1,5.53,0.0,66,72,268,968,22244,2670
7007744171,2016-04-27,10.22,9.06,4.89,4.27,0.66,5.29,0.0,50,12,337,1041,13541,2830
4445114986,2016-04-30,4.18,4.18,0.0,0.0,0.0,4.18,0.0,0,0,290,797,6222,2363
4445114986,2016-04-24,3.36,3.36,0.0,0.0,0.0,3.36,0.0,0,0,244,1196,5002,2247
8877689391,2016-05-09,18.25,18.25,0.0,11.1,0.8,6.24,0.05,73,19,217,1131,20226,3710
8253242879,2016-04-28,1.8,1.8,0.0,0.67,0.78,0.34,0.0,11,16,20,1393,2718,1580
2873212765,2016-04-16,6.65,6.65,0.0,3.11,0.02,3.51,0.01,47,1,305,1087,9685,2148
2026352035,2016-04-28,3.95,3.95,0.0,0.0,0.0,3.95,0.0,0,0,331,626,6375,1649
2022484408,2016-04-19,8.53,8.53,0.0,3.29,0.24,5.0,0.0,31,7,250,1152,11548,2489
5553957443,2016-05-01,3.37,3.37,0.0,0.0,0.0,3.37,0.0,0,0,237,436,5164,1747
7007744171,2016-04-30,2.52,2.52,0.0,0.0,0.0,2.52,0.0,0,0,200,1240,3761,2051
4319703577,2016-05-02,6.24,6.24,0.0,0.0,0.44,5.71,0.0,0,11,344,585,9261,2270
6962181067,2016-05-04,6.71,6.71,0.0,0.47,1.68,4.55,0.0,15,36,284,683,10147,2086
4558609924,2016-04-14,4.49,4.49,0.0,0.0,0.0,4.49,0.0,0,0,279,1161,6799,1922
8378563200,2016-04-15,11.47,11.47,0.0,4.91,1.15,5.41,0.0,60,23,190,729,14461,3666
8053475328,2016-04-15,16.24,16.24,0.0,13.26,0.39,2.59,0.0,132,8,158,1142,20669,3410
1844505072,2016-04-25,0.0,0.0,0.0,0.0,0.0,0.0,0.0,0,0,0,1440,0,1347
5553957443,2016-05-11,3.22,3.22,0.0,0.0,0.0,3.22,0.0,0,0,195,628,4926,1693
4319703577,2016-04-20,6.01,6.01,0.0,0.0,0.68,5.31,0.0,0,18,306,671,8954,2220
1503960366,2016-04-13,6.97,6.97,0.0,1.57,0.69,4.71,0.0,21,19,217,776,10735,1797
8583815059,2016-05-11,6.79,6.79,0.0,0.37,3.24,3.17,0.0,5,71,177,1106,8701,2804
5553957443,2016-05-07,1.22,1.22,0.0,0.0,0.0,1.22,0.0,0,0,96,902,1868,1494
1644430081,2016-04-30,13.24,13.24,0.0,0.63,3.14,9.46,0.0,9,71,402,816,18213,3846
2026352035,2016-05-02,4.35,4.35,0.0,0.0,0.0,4.35,0.0,0,0,355,716,7018,1690
1624580081,2016-04-15,0.98,0.98,0.0,0.0,0.0,0.97,0.0,0,0,96,1344,1510,1344
8053475328,2016-04-19,12.48,12.48,0.0,9.22,0.31,2.95,0.0,90,7,191,1152,15929,3114
4702921684,2016-04-15,5.28,5.28,0.0,0.07,0.42,4.79,0.0,1,8,256,944,6506,2896
4388161847,2016-04-27,8.61,8.61,0.0,0.7,2.51,5.39,0.0,11,48,241,684,11193,3074
4445114986,2016-04-23,2.93,2.93,0.0,0.0,0.0,2.93,0.0,0,0,201,1239,4363,2149
4020332650,2016-05-02,0.34,0.34,0.0,0.0,0.04,0.29,0.0,0,11,31,1350,475,2207
1644430081,2016-05-11,0.97,0.97,0.0,0.0,0.0,0.95,0.01,0,0,49,713,1329,1276
3977333714,2016-05-05,8.58,8.58,0.0,1.76,4.11,2.71,0.0,14,88,178,680,12312,1618
5553957443,2016-05-10,10.71,10.71,0.0,3.87,1.61,5.2,0.0,61,40,265,707,16358,2335
3977333714,2016-05-11,0.5,0.5,0.0,0.37,0.0,0.13,0.0,4,0,9,13,746,52
8053475328,2016-04-20,12.19,12.19,0.0,9.58,0.23,2.38,0.0,89,5,158,695,15108,3043
2320127002,2016-05-07,4.97,4.97,0.0,0.0,0.0,4.97,0.0,0,0,319,1121,7379,1972
1503960366,2016-04-25,9.8,9.8,0.0,5.29,0.57,3.94,0.0,73,14,216,814,15355,2013
3372868164,2016-05-01,2.1,2.1,0.0,0.0,0.0,2.09,0.0,0,0,172,842,3077,1237
6117666160,2016-04-15,10.59,10.59,0.0,0.0,0.28,10.3,0.0,0,6,513,921,14019,2865
4319703577,2016-04-18,1.55,1.55,0.0,0.07,0.33,1.12,0.0,1,9,58,824,2276,1632
2873212765,2016-04-20,6.3,6.3,0.0,1.51,0.12,4.66,0.01,22,5,378,1035,9202,2094
2022484408,2016-04-24,10.28,10.28,0.0,4.55,1.15,4.58,0.0,37,26,216,1161,13481,2529
8378563200,2016-05-04,6.24,6.24,0.0,1.56,0.49,4.2,0.0,19,10,167,680,7875,3110
8877689391,2016-05-05,10.67,10.67,0.0,5.46,0.82,4.37,0.0,67,15,188,1170,14055,3052
6290855005,2016-05-03,4.57,4.57,0.0,0.0,0.0,4.57,0.0,0,0,240,1200,6047,2671
8378563200,2016-04-12,6.05,6.05,2.25,0.83,0.71,4.5,0.0,65,15,156,723,7626,3635
4558609924,2016-04-22,6.35,6.35,0.0,1.37,1.5,3.47,0.0,20,25,273,1122,9601,2094
8877689391,2016-04-23,7.43,7.43,0.0,0.0,0.0,7.4,0.01,102,6,300,1032,11200,3891
4558609924,2016-05-12,4.17,4.17,0.0,0.0,0.0,4.17,0.0,0,0,247,736,6307,1452
8378563200,2016-04-25,9.84,9.84,2.09,5.05,0.87,3.92,0.0,117,16,141,692,12405,4005
2320127002,2016-05-09,2.08,2.08,0.0,0.0,0.0,2.08,0.0,0,0,145,1295,3090,1630
5553957443,2016-05-12,2.04,2.04,0.0,0.58,0.4,1.06,0.0,8,6,48,222,3121,741
8583815059,2016-05-08,7.19,7.19,0.0,0.22,3.31,3.66,0.0,3,72,182,1183,9217,2940
5553957443,2016-05-08,4.0,4.0,0.0,0.22,0.47,3.3,0.0,3,8,210,505,6083,1762
6962181067,2016-04-18,7.54,7.54,0.0,0.83,2.39,4.32,0.0,13,42,238,689,11404,2039
2026352035,2016-04-16,1.58,1.58,0.0,0.0,0.0,1.58,0.0,0,0,150,728,2547,1373
8053475328,2016-04-26,9.62,9.62,0.0,6.31,0.2,3.1,0.0,68,5,185,1182,12685,2846
6962181067,2016-05-01,3.61,3.61,0.0,0.0,0.0,3.61,0.0,0,0,215,722,5454,1740
4558609924,2016-04-13,3.29,3.29,0.0,1.24,0.44,1.61,0.0,19,7,127,1287,4978,1722
6962181067,2016-04-13,3.74,3.74,0.0,0.57,1.21,1.96,0.0,8,24,142,548,5652,1718
4702921684,2016-04-17,10.29,10.29,0.0,0.96,3.46,5.88,0.0,12,66,302,437,12692,3394
1624580081,2016-05-09,1.13,1.13,0.0,0.0,0.0,1.13,0.0,0,0,91,1349,1732,1328
4558609924,2016-04-12,3.39,3.39,0.0,0.0,0.0,3.39,0.0,0,0,318,1122,5135,1909
5553957443,2016-05-06,6.29,6.29,0.0,1.52,0.54,4.23,0.0,21,9,229,761,9632,1916
8583815059,2016-04-19,4.44,4.44,0.0,0.53,0.48,3.44,0.0,7,10,166,1257,5697,2668
7086361926,2016-04-22,6.53,6.53,0.0,2.87,0.97,2.67,0.0,58,59,153,762,9753,2846
2347167796,2016-04-17,3.62,3.62,0.0,0.08,0.28,3.26,0.0,1,7,249,508,5472,1882
1503960366,2016-05-03,9.66,9.66,0.0,3.73,1.05,4.88,0.0,50,24,254,816,15103,1990
3372868164,2016-04-29,6.23,6.23,0.0,0.0,0.0,6.22,0.01,0,0,402,1038,9135,2044
4445114986,2016-04-28,3.01,3.01,0.0,0.0,0.0,3.01,0.0,0,0,236,762,4493,2203
2022484408,2016-04-18,10.07,10.07,0.0,3.64,0.12,6.3,0.0,48,3,311,1078,14131,2770
2873212765,2016-04-23,6.35,6.35,0.0,2.09,0.23,4.02,0.01,28,5,330,1077,9317,2021
2026352035,2016-04-18,2.06,2.06,0.0,0.0,0.0,2.06,0.0,0,0,182,1062,3325,1419
4319703577,2016-04-16,3.18,3.18,0.0,0.0,0.0,3.18,0.0,0,0,194,724,4744,1884
8253242879,2016-04-18,3.48,3.48,0.0,1.04,0.63,1.8,0.0,16,16,130,1278,5151,1829
4388161847,2016-04-13,8.45,8.45,0.0,0.06,0.63,3.88,0.0,1,14,150,1275,10993,3092
4558609924,2016-04-29,5.18,5.18,0.0,1.02,1.85,2.31,0.0,15,29,197,1096,7833,1918
3977333714,2016-05-09,10.08,10.08,0.0,0.77,5.6,3.55,0.0,8,122,151,1159,14687,1667
8053475328,2016-04-13,13.35,13.35,0.0,10.43,0.47,2.45,0.0,95,12,156,1177,16433,3140
3372868164,2016-04-24,4.59,4.59,0.0,0.89,0.19,3.49,0.02,14,7,292,1127,6731,1921
6775888955,2016-04-19,0.0,0.0,0.0,0.0,0.0,0.0,0.0,0,0,0,1440,0,1841
1927972279,2016-04-19,0.0,0.0,0.0,0.0,0.0,0.0,0.0,0,0,0,1440,0,2063
6775888955,2016-04-21,0.0,0.0,0.0,0.0,0.0,0.0,0.0,0,0,0,1440,0,1841
8583815059,2016-05-04,2.8,2.8,0.0,0.0,0.0,0.0,0.0,0,0,0,1440,3588,2516
1844505072,2016-04-19,0.13,0.13,0.0,0.0,0.0,0.13,0.0,0,0,10,1430,197,1366
4020332650,2016-05-08,4.2,4.2,0.0,0.0,0.0,4.15,0.0,0,0,263,775,5862,3089
1644430081,2016-05-07,9.72,9.72,0.0,3.26,0.79,5.67,0.01,41,17,243,1139,13372,3404
4445114986,2016-04-27,5.03,5.03,0.0,2.62,0.03,2.38,0.0,32,1,194,839,7243,2361
3977333714,2016-04-26,7.62,7.62,0.0,0.45,4.22,2.95,0.0,7,95,170,797,11388,1551
2026352035,2016-05-11,5.32,5.32,0.0,0.0,0.0,5.32,0.0,0,0,330,569,8580,1698
4445114986,2016-05-05,2.55,2.55,0.0,0.12,0.24,2.18,0.0,2,6,185,734,3800,2120
1844505072,2016-05-11,0.0,0.0,0.0,0.0,0.0,0.0,0.0,0,0,0,1440,0,1347
6117666160,2016-04-29,7.24,7.24,0.0,0.0,0.0,7.24,0.0,0,0,461,479,9592,2560
1503960366,2016-05-02,9.71,9.71,0.0,3.21,0.57,5.92,0.0,41,15,277,798,14727,2004
6962181067,2016-05-02,8.54,8.54,0.0,1.2,2.0,5.34,0.0,18,39,313,655,12912,2162
1644430081,2016-04-21,0.89,0.89,0.0,0.0,0.0,0.88,0.01,0,0,38,1402,1223,2140
1844505072,2016-04-26,0.0,0.0,0.0,0.0,0.0,0.0,0.0,0,0,0,1440,0,1347
2873212765,2016-04-17,1.7,1.7,0.0,0.0,0.35,1.34,0.0,0,8,160,1272,2524,1529
8583815059,2016-04-23,7.35,7.35,0.0,0.53,2.03,4.75,0.0,7,44,238,1151,9423,3012
4388161847,2016-05-05,7.38,7.38,0.0,0.63,1.67,5.09,0.0,12,39,199,896,9603,2899
1844505072,2016-04-22,3.55,3.55,0.0,0.0,0.0,3.55,0.0,0,0,220,1220,5372,1827
