UserID,Date,Workout_Type,Experience_Level,Age,Gender,BMI_calculated,Weight (kg),Height (m),Steps,Total_Distance,Very_Active_Distance,Moderately_Active_Distance,Light_Active_Distance,Very_Active_Minutes,Fairly_Active_Minutes,Lightly_Active_Minutes,Sedentary_Minutes,Session_Duration (hours),Calories_Burned
2026352035,2016-04-12,Yoga,2,51,Male,41.34,115.3,1.67,4414,2.74,0.19,0.35,2.2,3,8,181,706,1.38,1459
8378563200,2016-04-12,Yoga,2,54,Male,27.92,86.5,1.76,7626,6.05,0.83,0.71,4.5,65,15,156,723,1.48,3635
3372868164,2016-04-12,Cardio,3,23,Female,23.21,60.9,1.62,4747,3.24,0.0,0.0,3.23,0,0,280,1160,1.59,1788
3977333714,2016-04-12,Cardio,1,25,Female,20.88,65.4,1.77,8856,5.98,3.06,0.91,2.01,44,19,131,777,0.89,1450
1624580081,2016-04-12,HIIT,3,48,Male,25.33,83.9,1.82,8163,5.31,0.0,0.0,5.31,0,0,146,1294,1.9,1432
7007744171,2016-04-12,Yoga,2,58,Female,26.43,74.6,1.68,14172,10.29,4.5,0.38,5.41,53,8,355,1024,1.03,2937
4702921684,2016-04-12,Yoga,2,48,Male,49.84,129.2,1.61,7213,5.88,0.0,0.0,5.85,0,0,263,718,1.06,2947
2873212765,2016-04-12,Strength,1,18,Male,27.01,70.0,1.61,8796,5.91,0.11,0.93,4.88,2,21,356,1061,1.3,1982
8877689391,2016-04-12,Cardio,1,33,Female,23.2,53.6,1.52,23186,20.4,12.22,0.34,7.82,85,7,312,1036,1.02,3921
8583815059,2016-04-12,Yoga,1,29,Male,38.16,120.9,1.78,5014,3.91,0.0,0.33,3.58,0,7,196,1237,0.78,2650
6290855005,2016-04-12,Cardio,2,34,Female,22.48,59.0,1.62,4562,3.45,0.0,0.0,3.45,0,0,199,1241,1.13,2560
6962181067,2016-04-12,Cardio,1,50,Male,31.14,90.0,1.7,10199,6.74,3.4,0.83,2.51,50,14,189,796,0.81,1994
2320127002,2016-04-12,Strength,2,52,Male,23.97,70.9,1.72,10725,7.49,1.17,0.31,6.01,13,9,306,1112,1.31,2124
6775888955,2016-04-12,HIIT,1,34,Female,29.56,69.2,1.53,0,0.0,0.0,0.0,0.0,0,0,0,1440,1.36,1841
4057192912,2016-04-12,Yoga,2,42,Female,27.78,72.9,1.62,5394,4.03,0.0,0.0,3.94,0,0,164,1276,1.17,2286
2022484408,2016-04-12,HIIT,3,43,Female,24.64,61.5,1.58,11875,8.34,3.31,0.77,4.26,42,14,227,1157,1.86,2390
1503960366,2016-04-12,Cardio,2,34,Male,26.73,71.9,1.64,13162,8.5,1.88,0.55,6.06,25,13,328,728,1.26,1985
1644430081,2016-04-12,Yoga,1,49,Male,26.77,79.2,1.72,10694,7.77,0.14,2.3,5.33,2,51,256,1131,1.46,3199
8053475328,2016-04-12,Yoga,1,38,Female,30.68,76.6,1.58,18060,14.12,11.64,0.39,2.1,116,8,123,1193,0.74,3186
8253242879,2016-04-12,Strength,2,22,Female,27.16,78.5,1.7,9033,7.16,5.43,0.14,1.59,40,2,154,1244,1.36,2044
2347167796,2016-04-12,Yoga,2,25,Female,23.75,57.8,1.56,10113,6.83,2.0,0.62,4.2,28,13,320,964,1.35,2344
7086361926,2016-04-12,Strength,1,33,Male,28.69,113.6,1.99,11317,8.41,5.27,0.15,2.97,59,6,153,745,1.38,2772
4445114986,2016-04-12,Cardio,1,42,Female,18.15,53.7,1.72,3276,2.2,0.0,0.0,2.2,0,0,196,787,1.37,2113
6117666160,2016-04-12,Yoga,1,56,Male,40.71,129.0,1.78,0,0.0,0.0,0.0,0.0,0,0,0,1440,1.29,1496
4020332650,2016-04-12,Cardio,2,47,Male,17.75,55.6,1.77,8539,6.12,0.15,0.24,5.68,4,15,331,712,1.2,3654
1927972279,2016-04-12,HIIT,3,32,Male,33.55,85.9,1.6,678,0.47,0.0,0.0,0.47,0,0,55,734,1.99,2220
5577150313,2016-04-12,Yoga,2,28,Male,29.61,81.6,1.66,8135,6.08,3.6,0.38,2.1,86,16,140,728,1.09,3405
4388161847,2016-04-12,Yoga,1,54,Male,29.1,116.4,2.0,10122,7.78,0.0,0.0,0.0,0,0,0,1440,1.13,2955
8792009665,2016-04-12,HIIT,1,32,Male,33.4,108.2,1.8,2564,1.64,0.0,0.0,1.64,0,0,116,831,1.27,2044
4319703577,2016-04-12,Cardio,1,46,Male,18.39,54.4,1.72,7753,5.2,0.0,0.0,0.0,0,0,0,1440,0.91,2115
5553957443,2016-04-12,Strength,1,47,Female,12.91,40.0,1.76,11596,7.57,1.37,0.79,5.41,19,13,277,767,0.8,2026
1844505072,2016-04-12,Yoga,1,30,Male,22.17,67.9,1.75,6697,4.43,0.0,0.0,4.43,0,0,339,1101,1.25,2030
4558609924,2016-04-12,HIIT,3,31,Female,19.31,60.5,1.77,5135,3.39,0.0,0.0,3.39,0,0,318,1122,1.72,1909
8053475328,2016-04-13,Yoga,1,38,Female,30.68,76.6,1.58,16433,13.35,10.43,0.47,2.45,95,12,156,1177,0.74,3140
1624580081,2016-04-13,HIIT,3,48,Male,25.33,83.9,1.82,7007,4.55,0.0,0.0,4.55,0,0,148,1292,1.9,1411
1844505072,2016-04-13,Yoga,1,30,Male,22.17,67.9,1.75,4929,3.26,0.0,0.0,3.26,0,0,248,1192,1.25,1860
4445114986,2016-04-13,Cardio,1,42,Female,18.15,53.7,1.72,2961,1.99,0.0,0.0,1.99,0,0,194,840,1.37,2095
8877689391,2016-04-13,Cardio,1,33,Female,23.2,53.6,1.52,15337,9.58,3.55,0.38,5.64,108,18,216,1098,1.02,3566
8253242879,2016-04-13,Strength,2,22,Female,27.16,78.5,1.7,8053,6.1,4.17,0.63,1.31,35,11,96,1298,1.36,1935
4319703577,2016-04-13,Cardio,1,46,Male,18.39,54.4,1.72,8204,5.5,0.53,0.59,1.31,8,15,96,1234,0.91,2135
4057192912,2016-04-13,Yoga,2,42,Female,27.78,72.9,1.62,5974,4.47,0.0,0.0,4.37,0,0,160,1280,1.17,2306
1927972279,2016-04-13,HIIT,3,32,Male,33.55,85.9,1.6,356,0.25,0.0,0.0,0.25,0,0,32,986,1.99,2151
2320127002,2016-04-13,Strength,2,52,Male,23.97,70.9,1.72,7275,4.9,0.0,0.0,4.9,0,0,335,1105,1.31,2003
8583815059,2016-04-13,Yoga,1,29,Male,38.16,120.9,1.78,5571,4.35,0.15,0.97,3.23,2,23,163,1252,0.78,2654
6290855005,2016-04-13,Cardio,2,34,Female,22.48,59.0,1.62,7142,5.4,0.0,0.0,5.39,0,0,350,1090,1.13,2905
5553957443,2016-04-13,Strength,1,47,Female,12.91,40.0,1.76,4832,3.16,0.0,0.0,3.16,0,0,226,647,0.8,1718
7086361926,2016-04-13,Strength,1,33,Male,28.69,113.6,1.99,5813,3.62,0.56,0.21,2.84,31,26,155,744,1.38,2516
2026352035,2016-04-13,Yoga,2,51,Male,41.34,115.3,1.67,4993,3.1,0.0,0.0,3.1,0,0,238,663,1.38,1521
1644430081,2016-04-13,Yoga,1,49,Male,26.77,79.2,1.72,8001,5.82,2.28,0.9,2.64,30,16,135,1259,1.46,2902
7007744171,2016-04-13,Yoga,2,58,Female,26.43,74.6,1.68,12862,9.65,4.61,0.56,4.48,56,22,261,1101,1.03,2742
2873212765,2016-04-13,Strength,1,18,Male,27.01,70.0,1.61,7618,5.12,0.0,0.22,4.88,0,8,404,1028,1.3,2004
8378563200,2016-04-13,Yoga,2,54,Male,27.92,86.5,1.76,12386,9.82,4.96,0.65,4.21,116,14,169,680,1.48,4079
6775888955,2016-04-13,HIIT,1,34,Female,29.56,69.2,1.53,4053,2.91,1.11,0.58,1.22,17,18,85,1053,1.36,2400
6962181067,2016-04-13,Cardio,1,50,Male,31.14,90.0,1.7,5652,3.74,0.57,1.21,1.96,8,24,142,548,0.81,1718
4558609924,2016-04-13,HIIT,3,31,Female,19.31,60.5,1.77,4978,3.29,1.24,0.44,1.61,19,7,127,1287,1.72,1722
3372868164,2016-04-13,Cardio,3,23,Female,23.21,60.9,1.62,9715,6.63,0.99,0.34,5.27,16,8,371,1045,1.59,2093
8792009665,2016-04-13,HIIT,1,32,Male,33.4,108.2,1.8,1320,0.84,0.0,0.0,0.84,0,0,82,806,1.27,1934
4702921684,2016-04-13,Yoga,2,48,Male,49.84,129.2,1.61,6877,5.58,0.0,0.0,5.58,0,0,258,777,1.06,2898
5577150313,2016-04-13,Yoga,2,28,Male,29.61,81.6,1.66,5077,3.79,0.32,0.22,3.25,15,11,144,776,1.09,2551
2347167796,2016-04-13,Yoga,2,25,Female,23.75,57.8,1.56,10352,7.01,1.66,1.94,3.41,19,32,195,676,1.35,2038
6117666160,2016-04-13,Yoga,1,56,Male,40.71,129.0,1.78,0,0.0,0.0,0.0,0.0,0,0,0,1440,1.29,1496
4388161847,2016-04-13,Yoga,1,54,Male,29.1,116.4,2.0,10993,8.45,0.06,0.63,3.88,1,14,150,1275,1.13,3092
2022484408,2016-04-13,HIIT,3,43,Female,24.64,61.5,1.58,12024,8.5,2.99,0.1,5.41,43,5,292,1100,1.86,2601
4020332650,2016-04-13,Cardio,2,47,Male,17.75,55.6,1.77,0,0.0,0.0,0.0,0.0,0,0,0,1440,1.2,1981
3977333714,2016-04-13,Cardio,1,25,Female,20.88,65.4,1.77,10035,6.71,2.03,2.13,2.55,31,46,153,754,0.89,1495
1503960366,2016-04-13,Cardio,2,34,Male,26.73,71.9,1.64,10735,6.97,1.57,0.69,4.71,21,19,217,776,1.26,1797
7086361926,2016-04-14,Strength,1,33,Male,28.69,113.6,1.99,9123,6.12,2.03,0.33,3.66,35,32,189,787,1.38,2734
6775888955,2016-04-14,HIIT,1,34,Female,29.56,69.2,1.53,5162,3.7,0.87,0.86,1.97,14,24,105,863,1.36,2507
8583815059,2016-04-14,Yoga,1,29,Male,38.16,120.9,1.78,3135,2.45,0.0,0.0,2.43,0,0,134,1306,0.78,2443
7007744171,2016-04-14,Yoga,2,58,Female,26.43,74.6,1.68,11179,8.24,2.95,0.34,4.96,34,6,304,1096,1.03,2668
6962181067,2016-04-14,Cardio,1,50,Male,31.14,90.0,1.7,1551,1.03,0.0,0.0,1.03,0,0,86,862,0.81,1466
4388161847,2016-04-14,Yoga,1,54,Male,29.1,116.4,2.0,8863,6.82,0.13,1.07,5.62,10,35,219,945,1.13,2998
2320127002,2016-04-14,Strength,2,52,Male,23.97,70.9,1.72,3973,2.68,0.0,0.0,2.68,0,0,191,1249,1.31,1696
8253242879,2016-04-14,Strength,2,22,Female,27.16,78.5,1.7,5234,3.46,1.93,0.99,0.54,29,16,33,1362,1.36,1705
1503960366,2016-04-14,Cardio,2,34,Male,26.73,71.9,1.64,10460,6.74,2.44,0.4,3.91,30,11,181,1218,1.26,1776
2873212765,2016-04-14,Strength,1,18,Male,27.01,70.0,1.61,7910,5.32,0.0,0.0,5.32,0,0,331,1109,1.3,1893
6290855005,2016-04-14,Cardio,2,34,Female,22.48,59.0,1.62,7671,5.8,0.0,0.0,5.77,0,0,363,1077,1.13,2952
5553957443,2016-04-14,Strength,1,47,Female,12.91,40.0,1.76,17022,11.12,4.0,2.45,4.67,61,41,256,693,0.8,2324
8053475328,2016-04-14,Yoga,1,38,Female,30.68,76.6,1.58,20159,15.97,12.34,0.21,3.36,119,5,193,1123,0.74,3411
1624580081,2016-04-14,HIIT,3,48,Male,25.33,83.9,1.82,9107,5.92,0.0,0.0,5.91,0,0,236,1204,1.9,1572
8792009665,2016-04-14,HIIT,1,32,Male,33.4,108.2,1.8,1219,0.78,0.0,0.0,0.78,0,0,84,853,1.27,1963
8877689391,2016-04-14,Cardio,1,33,Female,23.2,53.6,1.52,21129,18.98,10.55,0.59,7.75,68,13,298,1061,1.02,3793
3372868164,2016-04-14,Cardio,3,23,Female,23.21,60.9,1.62,8844,6.03,0.34,1.03,4.65,6,25,370,1039,1.59,2065
4020332650,2016-04-14,Cardio,2,47,Male,17.75,55.6,1.77,108,0.08,0.0,0.0,0.03,0,0,3,1437,1.2,2011
1927972279,2016-04-14,HIIT,3,32,Male,33.55,85.9,1.6,2163,1.5,0.0,0.4,1.1,0,9,88,1292,1.99,2383
4057192912,2016-04-14,Yoga,2,42,Female,27.78,72.9,1.62,0,0.0,0.0,0.0,0.0,0,0,0,1440,1.17,1776
3977333714,2016-04-14,Cardio,1,25,Female,20.88,65.4,1.77,7641,5.11,0.32,0.97,3.82,5,23,214,801,0.89,1433
4558609924,2016-04-14,HIIT,3,31,Female,19.31,60.5,1.77,6799,4.49,0.0,0.0,4.49,0,0,279,1161,1.72,1922
2026352035,2016-04-14,Yoga,2,51,Male,41.34,115.3,1.67,3335,2.07,0.0,0.0,2.05,0,0,197,653,1.38,1431
1844505072,2016-04-14,Yoga,1,30,Male,22.17,67.9,1.75,7937,5.25,0.0,0.0,5.23,0,0,373,843,1.25,2130
1644430081,2016-04-14,Yoga,1,49,Male,26.77,79.2,1.72,11037,8.02,0.36,2.56,5.1,5,58,252,1125,1.46,3226
2022484408,2016-04-14,HIIT,3,43,Female,24.64,61.5,1.58,10690,7.5,2.48,0.21,4.82,32,3,257,1148,1.86,2312
5577150313,2016-04-14,Yoga,2,28,Male,29.61,81.6,1.66,8596,6.42,3.33,0.31,2.78,118,30,176,662,1.09,4022
4445114986,2016-04-14,Cardio,1,42,Female,18.15,53.7,1.72,3974,2.67,0.0,0.0,2.67,0,0,231,717,1.37,2194
8378563200,2016-04-14,Yoga,2,54,Male,27.92,86.5,1.76,13318,10.56,5.62,1.03,3.91,123,21,174,699,1.48,4163
6117666160,2016-04-14,Yoga,1,56,Male,40.71,129.0,1.78,0,0.0,0.0,0.0,0.0,0,0,0,1440,1.29,1496
4702921684,2016-04-14,Yoga,2,48,Male,49.84,129.2,1.61,7860,6.37,0.0,0.0,6.37,0,0,271,772,1.06,2984
2347167796,2016-04-14,Yoga,2,25,Female,23.75,57.8,1.56,10129,6.7,0.02,2.74,3.94,1,48,206,705,1.35,2010
4319703577,2016-04-14,Cardio,1,46,Male,18.39,54.4,1.72,10210,6.88,0.11,0.33,6.44,1,9,339,589,0.91,2302
4702921684,2016-04-15,Yoga,2,48,Male,49.84,129.2,1.61,6506,5.28,0.07,0.42,4.79,1,8,256,944,1.06,2896
4319703577,2016-04-15,Cardio,1,46,Male,18.39,54.4,1.72,5664,3.8,0.0,0.0,3.8,0,0,228,752,0.91,1985
1624580081,2016-04-15,HIIT,3,48,Male,25.33,83.9,1.82,1510,0.98,0.0,0.0,0.97,0,0,96,1344,1.9,1344
1503960366,2016-04-15,Cardio,2,34,Male,26.73,71.9,1.64,9762,6.28,2.14,1.26,2.83,29,34,209,726,1.26,1745
8053475328,2016-04-15,Yoga,1,38,Female,30.68,76.6,1.58,20669,16.24,13.26,0.39,2.59,132,8,158,1142,0.74,3410
4558609924,2016-04-15,HIIT,3,31,Female,19.31,60.5,1.77,7795,5.15,0.59,0.84,3.73,17,30,262,1131,1.72,2121
6117666160,2016-04-15,Yoga,1,56,Male,40.71,129.0,1.78,14019,10.59,0.0,0.28,10.3,0,6,513,921,1.29,2865
4057192912,2016-04-15,Yoga,2,42,Female,27.78,72.9,1.62,3984,2.95,0.21,0.26,2.44,3,6,88,873,1.17,1527
8877689391,2016-04-15,Cardio,1,33,Female,23.2,53.6,1.52,13422,7.17,0.05,0.05,7.01,106,1,281,1052,1.02,3934
2320127002,2016-04-15,Strength,2,52,Male,23.97,70.9,1.72,5205,3.51,0.0,0.0,3.51,0,0,245,1195,1.31,1801
7086361926,2016-04-15,Strength,1,33,Male,28.69,113.6,1.99,8585,5.67,2.04,1.11,2.53,30,21,139,864,1.38,2395
5577150313,2016-04-15,Yoga,2,28,Male,29.61,81.6,1.66,12087,9.08,3.92,1.6,3.56,115,54,199,695,1.09,4005
1644430081,2016-04-15,Yoga,1,49,Male,26.77,79.2,1.72,5263,3.83,0.22,0.15,3.45,3,4,170,1263,1.46,2750
4388161847,2016-04-15,Yoga,1,54,Male,29.1,116.4,2.0,8758,6.73,0.0,0.0,6.73,0,0,299,837,1.13,3066
6775888955,2016-04-15,HIIT,1,34,Female,29.56,69.2,1.53,1282,0.92,0.0,0.0,0.92,0,0,58,976,1.36,2127
5553957443,2016-04-15,Strength,1,47,Female,12.91,40.0,1.76,16556,10.86,4.16,1.98,4.71,58,38,239,689,0.8,2254
6962181067,2016-04-15,Cardio,1,50,Male,31.14,90.0,1.7,5563,3.68,0.0,0.0,3.68,0,0,217,837,0.81,1756
8378563200,2016-04-15,Yoga,2,54,Male,27.92,86.5,1.76,14461,11.47,4.91,1.15,5.41,60,23,190,729,1.48,3666
7007744171,2016-04-15,Yoga,2,58,Female,26.43,74.6,1.68,5273,3.53,0.0,0.0,3.53,0,0,202,1238,1.03,2098
4020332650,2016-04-15,Cardio,2,47,Male,17.75,55.6,1.77,1882,1.35,0.21,0.36,0.77,36,18,87,1299,1.2,2951
2873212765,2016-04-15,Strength,1,18,Male,27.01,70.0,1.61,8482,5.7,0.0,0.0,5.69,0,0,448,992,1.3,2063
6290855005,2016-04-15,Cardio,2,34,Female,22.48,59.0,1.62,9501,7.18,0.0,0.0,7.17,0,0,328,1112,1.13,2896
8253242879,2016-04-15,Strength,2,22,Female,27.16,78.5,1.7,2672,1.77,0.0,0.0,1.76,0,0,105,1335,1.36,1632
2347167796,2016-04-15,Yoga,2,25,Female,23.75,57.8,1.56,10465,6.92,0.07,1.42,5.43,1,24,284,720,1.35,2133
8792009665,2016-04-15,HIIT,1,32,Male,33.4,108.2,1.8,2483,1.59,0.0,0.0,1.59,0,0,126,937,1.27,2009
3372868164,2016-04-15,Cardio,3,23,Female,23.21,60.9,1.62,7451,5.08,0.0,0.0,5.06,0,0,335,1105,1.59,1908
2026352035,2016-04-15,Yoga,2,51,Male,41.34,115.3,1.67,3821,2.37,0.0,0.0,2.37,0,0,188,687,1.38,1444
1844505072,2016-04-15,Yoga,1,30,Male,22.17,67.9,1.75,3844,2.54,0.0,0.0,2.54,0,0,176,527,1.25,1725
1927972279,2016-04-15,HIIT,3,32,Male,33.55,85.9,1.6,980,0.68,0.0,0.0,0.68,0,0,51,941,1.99,2221
2022484408,2016-04-15,HIIT,3,43,Female,24.64,61.5,1.58,11034,8.03,1.94,0.31,5.78,27,9,282,1122,1.86,2525
4445114986,2016-04-15,Cardio,1,42,Female,18.15,53.7,1.72,7198,4.83,0.0,0.0,4.83,0,0,350,711,1.37,2496
3977333714,2016-04-15,Cardio,1,25,Female,20.88,65.4,1.77,9010,6.06,1.05,1.75,3.26,15,42,183,644,0.89,1468
8583815059,2016-04-15,Yoga,1,29,Male,38.16,120.9,1.78,3430,2.68,0.0,0.0,0.9,0,0,65,1375,0.78,2505
6775888955,2016-04-16,HIIT,1,34,Female,29.56,69.2,1.53,4732,3.39,2.52,0.81,0.06,36,18,9,1377,1.36,2225
2320127002,2016-04-16,Strength,2,52,Male,23.97,70.9,1.72,5057,3.41,0.0,0.0,3.4,0,0,195,1245,1.31,1724
8253242879,2016-04-16,Strength,2,22,Female,27.16,78.5,1.7,9256,6.14,0.43,3.27,2.45,6,51,115,1268,1.36,1880
6117666160,2016-04-16,Yoga,1,56,Male,40.71,129.0,1.78,14450,10.91,0.58,0.85,9.48,7,15,518,502,1.29,2828
3977333714,2016-04-16,Cardio,1,25,Female,20.88,65.4,1.77,13459,9.0,2.03,4.0,2.97,31,83,153,663,0.89,1625
8792009665,2016-04-16,HIIT,1,32,Male,33.4,108.2,1.8,244,0.16,0.0,0.0,0.16,0,0,12,1428,1.27,1721
8877689391,2016-04-16,Cardio,1,33,Female,23.2,53.6,1.52,29326,25.29,13.24,1.21,10.71,94,29,429,888,1.02,4547
1927972279,2016-04-16,HIIT,3,32,Male,33.55,85.9,1.6,0,0.0,0.0,0.0,0.0,0,0,0,1440,1.99,2064
3372868164,2016-04-16,Cardio,3,23,Female,23.21,60.9,1.62,6905,4.73,0.0,0.0,4.7,0,0,356,1084,1.59,1908
8378563200,2016-04-16,Yoga,2,54,Male,27.92,86.5,1.76,11207,8.89,5.37,1.07,2.44,64,21,142,563,1.48,3363
4558609924,2016-04-16,HIIT,3,31,Female,19.31,60.5,1.77,7289,4.82,0.55,0.75,3.5,8,12,308,1112,1.72,1997
8583815059,2016-04-16,Yoga,1,29,Male,38.16,120.9,1.78,5319,4.15,0.0,0.0,0.0,0,0,0,1440,0.78,2693
7086361926,2016-04-16,Strength,1,33,Male,28.69,113.6,1.99,31,0.01,0.0,0.0,0.01,0,0,3,1437,1.38,1635
4388161847,2016-04-16,Yoga,1,54,Male,29.1,116.4,2.0,6580,5.06,0.21,0.4,4.45,6,9,253,609,1.13,3073
4445114986,2016-04-16,Cardio,1,42,Female,18.15,53.7,1.72,3945,2.65,0.0,0.0,2.65,0,0,225,716,1.37,2180
6962181067,2016-04-16,Cardio,1,50,Male,31.14,90.0,1.7,13217,8.74,3.66,0.19,4.88,50,3,280,741,0.81,2173
6290855005,2016-04-16,Cardio,2,34,Female,22.48,59.0,1.62,8301,6.28,0.0,0.0,6.27,0,0,258,1182,1.13,2783
5577150313,2016-04-16,Yoga,2,28,Male,29.61,81.6,1.66,14269,10.66,6.64,1.28,2.73,184,56,158,472,1.09,4274
7007744171,2016-04-16,Yoga,2,58,Female,26.43,74.6,1.68,4631,3.1,0.0,0.0,3.1,0,0,203,1155,1.03,2076
2873212765,2016-04-16,Strength,1,18,Male,27.01,70.0,1.61,9685,6.65,3.11,0.02,3.51,47,1,305,1087,1.3,2148
2022484408,2016-04-16,HIIT,3,43,Female,24.64,61.5,1.58,10100,7.09,3.15,0.55,3.39,41,11,151,1237,1.86,2177
1503960366,2016-04-16,Cardio,2,34,Male,26.73,71.9,1.64,12669,8.16,2.71,0.41,5.04,36,10,221,773,1.26,1863
4319703577,2016-04-16,Cardio,1,46,Male,18.39,54.4,1.72,4744,3.18,0.0,0.0,3.18,0,0,194,724,0.91,1884
1624580081,2016-04-16,HIIT,3,48,Male,25.33,83.9,1.82,5370,3.49,0.0,0.0,3.49,0,0,176,1264,1.9,1463
1644430081,2016-04-16,Yoga,1,49,Male,26.77,79.2,1.72,15300,11.12,4.1,1.88,5.09,51,42,212,1135,1.46,3493
2347167796,2016-04-16,Yoga,2,25,Female,23.75,57.8,1.56,22244,15.08,5.45,4.1,5.53,66,72,268,968,1.35,2670
4702921684,2016-04-16,Yoga,2,48,Male,49.84,129.2,1.61,11140,9.03,0.24,1.25,7.54,3,24,335,556,1.06,3328
5553957443,2016-04-16,Strength,1,47,Female,12.91,40.0,1.76,5771,3.77,0.0,0.0,3.77,0,0,288,521,0.8,1831
4020332650,2016-04-16,Cardio,2,47,Male,17.75,55.6,1.77,1982,1.42,0.45,0.37,0.59,65,21,55,1222,1.2,3051
8053475328,2016-04-16,Yoga,1,38,Female,30.68,76.6,1.58,14549,11.11,9.36,0.27,1.49,96,6,83,1255,0.74,2867
1844505072,2016-04-16,Yoga,1,30,Male,22.17,67.9,1.75,3414,2.26,0.0,0.0,2.26,0,0,147,1293,1.25,1657
2026352035,2016-04-16,Yoga,2,51,Male,41.34,115.3,1.67,2547,1.58,0.0,0.0,1.58,0,0,150,728,1.38,1373
2022484408,2016-04-17,HIIT,3,43,Female,24.64,61.5,1.58,15112,11.4,3.87,0.66,6.88,28,29,331,1052,1.86,2782
7007744171,2016-04-17,Yoga,2,58,Female,26.43,74.6,1.68,8059,5.39,0.0,0.0,5.39,0,0,305,1135,1.03,2383
1927972279,2016-04-17,HIIT,3,32,Male,33.55,85.9,1.6,0,0.0,0.0,0.0,0.0,0,0,0,1440,1.99,2063
4558609924,2016-04-17,HIIT,3,31,Female,19.31,60.5,1.77,9634,6.4,0.55,1.14,4.71,7,19,304,1110,1.72,2117
4445114986,2016-04-17,Cardio,1,42,Female,18.15,53.7,1.72,2268,1.52,0.0,0.0,1.52,0,0,114,1219,1.37,1933
8877689391,2016-04-17,Cardio,1,33,Female,23.2,53.6,1.52,15118,8.87,0.0,0.07,8.79,58,15,307,1060,1.02,3545
8253242879,2016-04-17,Strength,2,22,Female,27.16,78.5,1.7,10204,7.91,5.43,0.15,2.33,41,5,157,1237,1.36,2112
1503960366,2016-04-17,Cardio,2,34,Male,26.73,71.9,1.64,9705,6.48,3.19,0.78,2.51,38,20,164,539,1.26,1728
2347167796,2016-04-17,Yoga,2,25,Female,23.75,57.8,1.56,5472,3.62,0.08,0.28,3.26,1,7,249,508,1.35,1882
8792009665,2016-04-17,HIIT,1,32,Male,33.4,108.2,1.8,0,0.0,0.0,0.0,0.0,0,0,0,1440,1.27,1688
6962181067,2016-04-17,Cardio,1,50,Male,31.14,90.0,1.7,10145,6.71,0.33,0.68,5.69,5,13,295,634,0.81,2027
2026352035,2016-04-17,Yoga,2,51,Male,41.34,115.3,1.67,838,0.52,0.0,0.0,0.52,0,0,60,1053,1.38,1214
3372868164,2016-04-17,Cardio,3,23,Female,23.21,60.9,1.62,8199,5.88,1.41,0.1,4.36,11,2,322,1105,1.59,1964
8378563200,2016-04-17,Yoga,2,54,Male,27.92,86.5,1.76,2132,1.69,0.0,0.0,1.69,0,0,93,599,1.48,2572
2320127002,2016-04-17,Strength,2,52,Male,23.97,70.9,1.72,6198,4.18,0.0,0.0,4.18,0,0,249,1191,1.31,1852
7086361926,2016-04-17,Strength,1,33,Male,28.69,113.6,1.99,0,0.0,0.0,0.0,0.0,0,0,0,1440,1.38,1629
1844505072,2016-04-17,Yoga,1,30,Male,22.17,67.9,1.75,4525,2.99,0.14,0.26,2.59,2,8,199,1231,1.25,1793
4319703577,2016-04-17,Cardio,1,46,Male,18.39,54.4,1.72,29,0.02,0.0,0.0,0.02,0,0,3,1363,0.91,1464
8583815059,2016-04-17,Yoga,1,29,Male,38.16,120.9,1.78,3008,2.35,0.0,0.0,0.0,0,0,0,1440,0.78,2439
1624580081,2016-04-17,HIIT,3,48,Male,25.33,83.9,1.82,6175,4.06,1.03,1.52,1.49,15,22,127,1276,1.9,1554
1644430081,2016-04-17,Yoga,1,49,Male,26.77,79.2,1.72,8757,6.37,2.25,0.57,3.55,29,13,186,1212,1.46,3011
4388161847,2016-04-17,Yoga,1,54,Male,29.1,116.4,2.0,4660,3.58,0.0,0.0,3.58,0,0,201,721,1.13,2572
3977333714,2016-04-17,Cardio,1,25,Female,20.88,65.4,1.77,10415,6.97,0.7,2.35,3.92,11,58,205,600,0.89,1529
5553957443,2016-04-17,Strength,1,47,Female,12.91,40.0,1.76,655,0.43,0.0,0.0,0.43,0,0,46,943,0.8,1397
6775888955,2016-04-17,HIIT,1,34,Female,29.56,69.2,1.53,2497,1.79,0.35,1.13,0.31,5,24,19,1392,1.36,2067
6117666160,2016-04-17,Yoga,1,56,Male,40.71,129.0,1.78,7150,5.4,0.0,0.0,5.4,0,0,312,702,1.29,2225
5577150313,2016-04-17,Yoga,2,28,Male,29.61,81.6,1.66,12231,9.14,5.98,0.83,2.32,200,37,159,525,1.09,4552
4702921684,2016-04-17,Yoga,2,48,Male,49.84,129.2,1.61,12692,10.29,0.96,3.46,5.88,12,66,302,437,1.06,3394
2873212765,2016-04-17,Strength,1,18,Male,27.01,70.0,1.61,2524,1.7,0.0,0.35,1.34,0,8,160,1272,1.3,1529
6290855005,2016-04-17,Cardio,2,34,Female,22.48,59.0,1.62,7851,5.94,1.14,0.79,4.0,31,12,225,1172,1.13,3171
8053475328,2016-04-17,Yoga,1,38,Female,30.68,76.6,1.58,18827,13.69,9.24,0.8,3.64,111,21,195,1113,0.74,3213
4020332650,2016-04-17,Cardio,2,47,Male,17.75,55.6,1.77,16,0.01,0.0,0.0,0.01,0,0,2,1438,1.2,1990
8378563200,2016-04-18,Yoga,2,54,Male,27.92,86.5,1.76,13630,10.81,5.05,0.56,5.2,117,10,174,720,1.48,4157
2873212765,2016-04-18,Strength,1,18,Male,27.01,70.0,1.61,7762,5.24,0.07,0.28,4.89,1,6,311,1122,1.3,1890
8583815059,2016-04-18,Yoga,1,29,Male,38.16,120.9,1.78,3864,3.01,0.31,1.06,1.35,4,22,105,1309,0.78,2536
3977333714,2016-04-18,Cardio,1,25,Female,20.88,65.4,1.77,11663,7.8,0.25,3.73,3.82,4,95,214,605,0.89,1584
4388161847,2016-04-18,Yoga,1,54,Male,29.1,116.4,2.0,11009,9.1,3.56,0.4,5.14,27,8,239,1017,1.13,3274
5577150313,2016-04-18,Yoga,2,28,Male,29.61,81.6,1.66,9893,7.39,4.86,0.72,1.82,114,32,130,623,1.09,3625
1844505072,2016-04-18,Yoga,1,30,Male,22.17,67.9,1.75,4597,3.04,0.0,0.48,2.56,0,12,217,1211,1.25,1814
1644430081,2016-04-18,Yoga,1,49,Male,26.77,79.2,1.72,7132,5.19,1.07,1.67,2.45,15,33,121,1271,1.46,2806
6962181067,2016-04-18,Cardio,1,50,Male,31.14,90.0,1.7,11404,7.54,0.83,2.39,4.32,13,42,238,689,0.81,2039
3372868164,2016-04-18,Cardio,3,23,Female,23.21,60.9,1.62,6798,4.64,1.08,0.2,3.35,20,7,343,1070,1.59,2014
6117666160,2016-04-18,Yoga,1,56,Male,40.71,129.0,1.78,5153,3.91,0.0,0.0,3.89,0,0,241,759,1.29,2018
8053475328,2016-04-18,Yoga,1,38,Female,30.68,76.6,1.58,17076,12.66,9.08,0.23,3.35,102,6,195,1137,0.74,3133
7086361926,2016-04-18,Strength,1,33,Male,28.69,113.6,1.99,9827,6.71,3.17,1.22,2.31,61,51,114,1136,1.38,2743
1927972279,2016-04-18,HIIT,3,32,Male,33.55,85.9,1.6,244,0.17,0.0,0.0,0.17,0,0,17,1423,1.99,2111
2347167796,2016-04-18,Yoga,2,25,Female,23.75,57.8,1.56,8247,5.45,0.79,0.86,3.79,11,16,206,678,1.35,1944
4319703577,2016-04-18,Cardio,1,46,Male,18.39,54.4,1.72,2276,1.55,0.07,0.33,1.12,1,9,58,824,0.91,1632
6775888955,2016-04-18,HIIT,1,34,Female,29.56,69.2,1.53,8294,5.95,2.0,0.77,3.17,30,31,146,1233,1.36,2798
8792009665,2016-04-18,HIIT,1,32,Male,33.4,108.2,1.8,0,0.0,0.0,0.0,0.0,0,0,0,1440,1.27,1688
2320127002,2016-04-18,Strength,2,52,Male,23.97,70.9,1.72,6559,4.42,0.0,0.26,4.14,0,7,260,1173,1.31,1905
7007744171,2016-04-18,Yoga,2,58,Female,26.43,74.6,1.68,14816,10.98,3.79,2.12,5.05,48,31,284,1077,1.03,2832
1503960366,2016-04-18,Cardio,2,34,Male,26.73,71.9,1.64,13019,8.59,3.25,0.64,4.71,42,16,233,1149,1.26,1921
5553957443,2016-04-18,Strength,1,47,Female,12.91,40.0,1.76,3727,2.43,0.0,0.0,2.43,0,0,206,622,0.8,1683
4445114986,2016-04-18,Cardio,1,42,Female,18.15,53.7,1.72,6155,4.24,2.0,0.29,1.95,25,6,162,1247,1.37,2248
4020332650,2016-04-18,Cardio,2,47,Male,17.75,55.6,1.77,62,0.04,0.0,0.0,0.04,0,0,2,1438,1.2,1995
2022484408,2016-04-18,HIIT,3,43,Female,24.64,61.5,1.58,14131,10.07,3.64,0.12,6.3,48,3,311,1078,1.86,2770
2026352035,2016-04-18,Yoga,2,51,Male,41.34,115.3,1.67,3325,2.06,0.0,0.0,2.06,0,0,182,1062,1.38,1419
4702921684,2016-04-18,Yoga,2,48,Male,49.84,129.2,1.61,9105,7.38,1.82,1.49,4.07,22,30,191,890,1.06,3013
8253242879,2016-04-18,Strength,2,22,Female,27.16,78.5,1.7,5151,3.48,1.04,0.63,1.8,16,16,130,1278,1.36,1829
8877689391,2016-04-18,Cardio,1,33,Female,23.2,53.6,1.52,11423,8.67,2.44,0.27,5.94,29,5,191,1215,1.02,2761
6290855005,2016-04-18,Cardio,2,34,Female,22.48,59.0,1.62,6885,5.21,0.0,0.0,5.19,0,0,271,1169,1.13,2766
1624580081,2016-04-18,HIIT,3,48,Male,25.33,83.9,1.82,10536,7.41,2.15,0.62,4.62,17,7,202,1214,1.9,1604
4558609924,2016-04-18,HIIT,3,31,Female,19.31,60.5,1.77,8940,5.91,0.98,0.93,4.0,14,15,331,1080,1.72,2116
2347167796,2016-04-19,Yoga,2,25,Female,23.75,57.8,1.56,6711,4.44,0.0,0.0,4.44,0,7,382,648,1.35,2346
6117666160,2016-04-19,Yoga,1,56,Male,40.71,129.0,1.78,11135,8.41,0.0,0.0,8.41,0,0,480,425,1.29,2606
8053475328,2016-04-19,Yoga,1,38,Female,30.68,76.6,1.58,15929,12.48,9.22,0.31,2.95,90,7,191,1152,0.74,3114
1503960366,2016-04-19,Cardio,2,34,Male,26.73,71.9,1.64,15506,9.88,3.53,1.32,5.03,50,31,264,775,1.26,2035
2022484408,2016-04-19,HIIT,3,43,Female,24.64,61.5,1.58,11548,8.53,3.29,0.24,5.0,31,7,250,1152,1.86,2489
4558609924,2016-04-19,HIIT,3,31,Female,19.31,60.5,1.77,5401,3.57,0.05,0.36,3.16,1,9,248,1182,1.72,1876
8792009665,2016-04-19,HIIT,1,32,Male,33.4,108.2,1.8,0,0.0,0.0,0.0,0.0,0,0,0,1440,1.27,1688
4445114986,2016-04-19,Cardio,1,42,Female,18.15,53.7,1.72,2064,1.39,0.0,0.0,1.39,0,0,121,895,1.37,1954
8253242879,2016-04-19,Strength,2,22,Female,27.16,78.5,1.7,4212,2.78,0.0,0.0,2.78,0,0,164,1276,1.36,1763
5553957443,2016-04-19,Strength,1,47,Female,12.91,40.0,1.76,15482,10.11,4.28,1.66,4.18,69,28,249,756,0.8,2284
3977333714,2016-04-19,Cardio,1,25,Female,20.88,65.4,1.77,12414,8.78,2.24,2.45,3.96,19,67,221,738,0.89,1638
4319703577,2016-04-19,Cardio,1,46,Male,18.39,54.4,1.72,8925,5.99,0.0,0.0,5.99,0,0,311,604,0.91,2200
1927972279,2016-04-19,HIIT,3,32,Male,33.55,85.9,1.6,0,0.0,0.0,0.0,0.0,0,0,0,1440,1.99,2063
8877689391,2016-04-19,Cardio,1,33,Female,23.2,53.6,1.52,18785,17.4,12.15,0.18,5.03,82,13,214,1131,1.02,3676
6775888955,2016-04-19,HIIT,1,34,Female,29.56,69.2,1.53,0,0.0,0.0,0.0,0.0,0,0,0,1440,1.36,1841
7086361926,2016-04-19,Strength,1,33,Male,28.69,113.6,1.99,10688,7.29,3.53,1.23,2.51,67,69,124,671,1.38,2944
3372868164,2016-04-19,Cardio,3,23,Female,23.21,60.9,1.62,7711,5.26,0.0,0.0,5.24,0,0,376,1064,1.59,1985
2026352035,2016-04-19,Yoga,2,51,Male,41.34,115.3,1.67,2424,1.5,0.0,0.0,1.5,0,0,141,785,1.38,1356
5577150313,2016-04-19,Yoga,2,28,Male,29.61,81.6,1.66,12574,9.42,7.02,0.64,1.76,108,23,111,733,1.09,3501
4388161847,2016-04-19,Yoga,1,54,Male,29.1,116.4,2.0,10181,7.83,1.37,0.69,5.77,20,16,249,704,1.13,3015
1844505072,2016-04-19,Yoga,1,30,Male,22.17,67.9,1.75,197,0.13,0.0,0.0,0.13,0,0,10,1430,1.25,1366
1644430081,2016-04-19,Yoga,1,49,Male,26.77,79.2,1.72,11256,8.18,0.36,2.53,5.3,5,58,278,1099,1.46,3300
8583815059,2016-04-19,Yoga,1,29,Male,38.16,120.9,1.78,5697,4.44,0.53,0.48,3.44,7,10,166,1257,0.78,2668
1624580081,2016-04-19,HIIT,3,48,Male,25.33,83.9,1.82,2916,1.9,0.0,0.0,1.9,0,0,141,1299,1.9,1435
4702921684,2016-04-19,Yoga,2,48,Male,49.84,129.2,1.61,6708,5.44,0.88,0.37,4.19,10,8,179,757,1.06,2812
7007744171,2016-04-19,Yoga,2,58,Female,26.43,74.6,1.68,14194,10.48,4.41,0.76,5.31,53,17,304,1066,1.03,2812
4020332650,2016-04-19,Cardio,2,47,Male,17.75,55.6,1.77,0,0.0,0.0,0.0,0.0,0,0,0,1440,1.2,1980
6962181067,2016-04-19,Cardio,1,50,Male,31.14,90.0,1.7,10742,7.1,2.1,2.13,2.87,35,41,195,659,0.81,2046
2873212765,2016-04-19,Strength,1,18,Male,27.01,70.0,1.61,7948,5.37,0.0,0.0,5.36,0,0,389,1051,1.3,1956
8378563200,2016-04-19,Yoga,2,54,Male,27.92,86.5,1.76,13070,10.36,5.3,0.88,4.18,120,19,154,737,1.48,4092
2320127002,2016-04-19,Strength,2,52,Male,23.97,70.9,1.72,5997,4.04,0.0,0.38,3.66,0,11,228,1201,1.31,1811
6290855005,2016-04-19,Cardio,2,34,Female,22.48,59.0,1.62,7142,5.4,0.0,0.0,5.39,0,0,321,1119,1.13,2839
1644430081,2016-04-20,Yoga,1,49,Male,26.77,79.2,1.72,2436,1.77,0.0,0.0,1.76,0,0,125,1315,1.46,2430
7086361926,2016-04-20,Strength,1,33,Male,28.69,113.6,1.99,14365,10.64,7.64,0.45,2.54,87,13,145,797,1.38,2997
6962181067,2016-04-20,Cardio,1,50,Male,31.14,90.0,1.7,13928,9.55,4.28,0.19,5.09,48,4,297,639,0.81,2174
4558609924,2016-04-20,HIIT,3,31,Female,19.31,60.5,1.77,4803,3.17,0.0,0.0,3.17,0,0,222,1218,1.72,1788
2873212765,2016-04-20,Strength,1,18,Male,27.01,70.0,1.61,9202,6.3,1.51,0.12,4.66,22,5,378,1035,1.3,2094
4388161847,2016-04-20,Yoga,1,54,Male,29.1,116.4,2.0,10553,8.12,1.1,1.72,5.29,19,42,228,696,1.13,3083
4445114986,2016-04-20,Cardio,1,42,Female,18.15,53.7,1.72,2072,1.39,0.0,0.0,1.39,0,0,137,841,1.37,1974
2026352035,2016-04-20,Yoga,2,51,Male,41.34,115.3,1.67,7222,4.48,0.0,0.0,4.48,0,0,327,623,1.38,1667
6775888955,2016-04-20,HIIT,1,34,Female,29.56,69.2,1.53,10771,7.72,3.77,1.74,2.22,70,113,178,1079,1.36,3727
1927972279,2016-04-20,HIIT,3,32,Male,33.55,85.9,1.6,0,0.0,0.0,0.0,0.0,0,0,0,1440,1.99,2063
8053475328,2016-04-20,Yoga,1,38,Female,30.68,76.6,1.58,15108,12.19,9.58,0.23,2.38,89,5,158,695,0.74,3043
1844505072,2016-04-20,Yoga,1,30,Male,22.17,67.9,1.75,8,0.01,0.0,0.0,0.01,0,0,1,1439,1.25,1349
1624580081,2016-04-20,HIIT,3,48,Male,25.33,83.9,1.82,4974,3.23,0.0,0.0,3.23,0,0,151,1289,1.9,1446
4020332650,2016-04-20,Cardio,2,47,Male,17.75,55.6,1.77,0,0.0,0.0,0.0,0.0,0,0,0,1440,1.2,1980
8583815059,2016-04-20,Yoga,1,29,Male,38.16,120.9,1.78,5273,4.11,0.0,1.04,3.07,0,27,167,1246,0.78,2647
6117666160,2016-04-20,Yoga,1,56,Male,40.71,129.0,1.78,10449,8.02,2.03,0.48,5.52,26,10,349,587,1.29,2536
7007744171,2016-04-20,Yoga,2,58,Female,26.43,74.6,1.68,15566,11.31,4.79,0.67,5.86,60,33,347,1000,1.03,3096
2022484408,2016-04-20,HIIT,3,43,Female,24.64,61.5,1.58,15112,10.67,3.34,1.93,5.4,48,63,276,1053,1.86,2897
3372868164,2016-04-20,Cardio,3,23,Female,23.21,60.9,1.62,4880,3.33,0.84,0.09,2.38,15,3,274,1148,1.59,1867
6290855005,2016-04-20,Cardio,2,34,Female,22.48,59.0,1.62,6361,4.81,0.0,0.0,4.8,0,0,258,1182,1.13,2701
4702921684,2016-04-20,Yoga,2,48,Male,49.84,129.2,1.61,8793,7.13,0.16,1.23,5.73,2,29,260,717,1.06,3061
2320127002,2016-04-20,Strength,2,52,Male,23.97,70.9,1.72,7192,4.85,0.0,0.49,4.34,0,11,283,1146,1.31,1922
8792009665,2016-04-20,HIIT,1,32,Male,33.4,108.2,1.8,3147,2.01,0.0,0.28,1.74,0,10,139,744,1.27,2188
8877689391,2016-04-20,Cardio,1,33,Female,23.2,53.6,1.52,19948,18.11,11.02,0.69,6.34,73,19,225,1123,1.02,3679
4319703577,2016-04-20,Cardio,1,46,Male,18.39,54.4,1.72,8954,6.01,0.0,0.68,5.31,0,18,306,671,0.91,2220
1503960366,2016-04-20,Cardio,2,34,Male,26.73,71.9,1.64,10544,6.68,1.96,0.48,4.24,28,12,205,818,1.26,1786
2347167796,2016-04-20,Yoga,2,25,Female,23.75,57.8,1.56,10999,7.27,0.68,1.81,4.78,11,43,269,1011,1.35,2198
3977333714,2016-04-20,Cardio,1,25,Female,20.88,65.4,1.77,11658,7.83,0.2,4.35,3.28,2,98,164,845,0.89,1554
8378563200,2016-04-20,Yoga,2,54,Male,27.92,86.5,1.76,9388,7.44,2.23,0.44,4.78,82,8,169,763,1.48,3787
5577150313,2016-04-20,Yoga,2,28,Male,29.61,81.6,1.66,8330,6.22,4.12,0.34,1.76,87,16,113,773,1.09,3192
5553957443,2016-04-20,Strength,1,47,Female,12.91,40.0,1.76,2713,1.77,0.0,0.0,1.77,0,0,148,598,0.8,1570
8253242879,2016-04-20,Strength,2,22,Female,27.16,78.5,1.7,6466,4.27,0.33,0.82,3.11,5,18,216,1201,1.36,1931
4558609924,2016-04-21,HIIT,3,31,Female,19.31,60.5,1.77,13743,9.08,0.42,0.97,7.7,6,21,432,844,1.72,2486
8877689391,2016-04-21,Cardio,1,33,Female,23.2,53.6,1.52,19377,17.62,12.29,0.42,4.89,82,13,226,1119,1.02,3659
4388161847,2016-04-21,Yoga,1,54,Male,29.1,116.4,2.0,10055,7.73,0.37,0.39,6.98,7,12,272,853,1.13,3069
5577150313,2016-04-21,Yoga,2,28,Male,29.61,81.6,1.66,10830,8.09,3.65,1.66,2.78,110,74,175,670,1.09,4018
4445114986,2016-04-21,Cardio,1,42,Female,18.15,53.7,1.72,3809,2.56,0.0,0.0,2.54,0,0,215,756,1.37,2150
1644430081,2016-04-21,Yoga,1,49,Male,26.77,79.2,1.72,1223,0.89,0.0,0.0,0.88,0,0,38,1402,1.46,2140
1927972279,2016-04-21,HIIT,3,32,Male,33.55,85.9,1.6,0,0.0,0.0,0.0,0.0,0,0,0,1440,1.99,2064
8792009665,2016-04-21,HIIT,1,32,Male,33.4,108.2,1.8,144,0.09,0.0,0.0,0.09,0,0,9,1431,1.27,1720
6775888955,2016-04-21,HIIT,1,34,Female,29.56,69.2,1.53,0,0.0,0.0,0.0,0.0,0,0,0,1440,1.36,1841
8583815059,2016-04-21,Yoga,1,29,Male,38.16,120.9,1.78,8538,6.66,2.63,1.02,3.01,35,18,158,1229,0.78,2883
2026352035,2016-04-21,Yoga,2,51,Male,41.34,115.3,1.67,2467,1.53,0.0,0.0,1.53,0,0,153,749,1.38,1370
2320127002,2016-04-21,Strength,2,52,Male,23.97,70.9,1.72,3404,2.29,0.06,0.42,1.81,1,10,127,1302,1.31,1610
1844505072,2016-04-21,Yoga,1,30,Male,22.17,67.9,1.75,8054,5.32,0.12,0.52,4.68,2,13,308,1117,1.25,2062
6117666160,2016-04-21,Yoga,1,56,Male,40.71,129.0,1.78,19542,15.01,0.98,0.4,5.62,11,19,294,579,1.29,4900
2022484408,2016-04-21,HIIT,3,43,Female,24.64,61.5,1.58,12453,8.74,3.33,1.11,4.31,104,53,255,1028,1.86,3158
8053475328,2016-04-21,Yoga,1,38,Female,30.68,76.6,1.58,16057,12.51,9.67,0.25,2.58,100,6,170,1164,0.74,3103
1624580081,2016-04-21,HIIT,3,48,Male,25.33,83.9,1.82,6349,4.13,0.0,0.0,4.11,0,0,186,1254,1.9,1467
3372868164,2016-04-21,Cardio,3,23,Female,23.21,60.9,1.62,8857,6.07,1.15,0.26,4.64,18,9,376,1037,1.59,2124
7086361926,2016-04-21,Strength,1,33,Male,28.69,113.6,1.99,9469,6.18,1.36,0.3,4.51,19,6,206,758,1.38,2463
1503960366,2016-04-21,Cardio,2,34,Male,26.73,71.9,1.64,9819,6.34,1.34,0.35,4.65,19,8,211,838,1.26,1775
4702921684,2016-04-21,Yoga,2,48,Male,49.84,129.2,1.61,6530,5.3,0.31,2.05,2.94,4,41,144,901,1.06,2729
4020332650,2016-04-21,Cardio,2,47,Male,17.75,55.6,1.77,0,0.0,0.0,0.0,0.0,0,0,0,1440,1.2,1980
3977333714,2016-04-21,Cardio,1,25,Female,20.88,65.4,1.77,6093,4.08,0.0,0.0,4.06,0,0,242,712,0.89,1397
7007744171,2016-04-21,Yoga,2,58,Female,26.43,74.6,1.68,13744,9.19,2.15,1.87,5.17,30,34,327,1049,1.03,2763
8378563200,2016-04-21,Yoga,2,54,Male,27.92,86.5,1.76,15148,12.01,6.9,0.82,4.29,137,16,145,677,1.48,4236
4319703577,2016-04-21,Cardio,1,46,Male,18.39,54.4,1.72,3702,2.48,0.0,0.0,0.35,0,0,34,1265,0.91,1792
2873212765,2016-04-21,Strength,1,18,Male,27.01,70.0,1.61,8859,5.98,0.13,0.37,5.47,2,10,371,1057,1.3,1970
5553957443,2016-04-21,Strength,1,47,Female,12.91,40.0,1.76,12346,8.06,2.95,2.16,2.96,47,42,177,801,0.8,2066
6290855005,2016-04-21,Cardio,2,34,Female,22.48,59.0,1.62,0,0.0,0.0,0.0,0.0,0,0,0,1440,1.13,2060
6962181067,2016-04-21,Cardio,1,50,Male,31.14,90.0,1.7,11835,9.71,3.99,2.1,3.51,53,27,214,708,0.81,2179
2347167796,2016-04-21,Yoga,2,25,Female,23.75,57.8,1.56,10080,6.75,1.85,1.53,3.38,23,26,208,761,1.35,2048
8253242879,2016-04-21,Strength,2,22,Female,27.16,78.5,1.7,11268,8.56,5.88,0.93,1.75,49,20,172,1199,1.36,2218
7007744171,2016-04-22,Yoga,2,58,Female,26.43,74.6,1.68,15299,10.24,4.1,1.76,4.37,64,50,261,1065,1.03,2889
4445114986,2016-04-22,Cardio,1,42,Female,18.15,53.7,1.72,6831,4.58,0.0,0.0,4.58,0,0,317,706,1.37,2432
1624580081,2016-04-22,HIIT,3,48,Male,25.33,83.9,1.82,4026,2.62,0.0,0.0,2.6,0,0,199,1241,1.9,1470
6962181067,2016-04-22,Cardio,1,50,Male,31.14,90.0,1.7,10725,7.09,1.77,1.55,3.77,30,33,240,659,0.81,2086
4558609924,2016-04-22,HIIT,3,31,Female,19.31,60.5,1.77,9601,6.35,1.37,1.5,3.47,20,25,273,1122,1.72,2094
6117666160,2016-04-22,Yoga,1,56,Male,40.71,129.0,1.78,8206,6.2,0.0,0.0,6.2,0,0,402,413,1.29,2409
4319703577,2016-04-22,Cardio,1,46,Male,18.39,54.4,1.72,4500,3.02,0.06,0.81,2.15,1,19,176,709,0.91,1886
2320127002,2016-04-22,Strength,2,52,Male,23.97,70.9,1.72,5583,3.76,0.0,0.0,3.76,0,0,266,1174,1.31,1851
2026352035,2016-04-22,Yoga,2,51,Male,41.34,115.3,1.67,2915,1.81,0.0,0.0,1.81,0,0,162,712,1.38,1399
5553957443,2016-04-22,Strength,1,47,Female,12.91,40.0,1.76,11682,7.63,1.38,0.63,5.6,25,16,270,781,0.8,2105
5577150313,2016-04-22,Yoga,2,28,Male,29.61,81.6,1.66,9172,6.85,2.42,0.79,3.3,62,30,200,823,1.09,3329
8053475328,2016-04-22,Yoga,1,38,Female,30.68,76.6,1.58,10520,8.29,6.26,0.15,1.88,60,3,117,1260,0.74,2655
4702921684,2016-04-22,Yoga,2,48,Male,49.84,129.2,1.61,1664,1.35,0.0,0.0,1.35,0,0,72,1341,1.06,2241
7086361926,2016-04-22,Strength,1,33,Male,28.69,113.6,1.99,9753,6.53,2.87,0.97,2.67,58,59,153,762,1.38,2846
4020332650,2016-04-22,Cardio,2,47,Male,17.75,55.6,1.77,0,0.0,0.0,0.0,0.0,0,0,0,1440,1.2,1980
2347167796,2016-04-22,Yoga,2,25,Female,23.75,57.8,1.56,7804,5.16,0.56,1.68,2.92,9,27,206,781,1.35,1946
1844505072,2016-04-22,Yoga,1,30,Male,22.17,67.9,1.75,5372,3.55,0.0,0.0,3.55,0,0,220,1220,1.25,1827
8792009665,2016-04-22,HIIT,1,32,Male,33.4,108.2,1.8,4068,2.6,0.05,0.28,2.27,1,20,195,817,1.27,2419
3372868164,2016-04-22,Cardio,3,23,Female,23.21,60.9,1.62,3843,2.62,0.0,0.0,2.61,0,0,206,1234,1.59,1669
2873212765,2016-04-22,Strength,1,18,Male,27.01,70.0,1.61,7286,4.9,0.46,0.0,4.42,46,0,366,1028,1.3,2241
1644430081,2016-04-22,Yoga,1,49,Male,26.77,79.2,1.72,3673,2.67,0.0,0.0,2.66,0,0,86,1354,1.46,2344
8877689391,2016-04-22,Cardio,1,33,Female,23.2,53.6,1.52,18258,16.31,10.23,0.03,5.97,61,2,236,1141,1.02,3427
4388161847,2016-04-22,Yoga,1,54,Male,29.1,116.4,2.0,12139,9.34,3.3,1.11,4.92,77,25,220,945,1.13,3544
1503960366,2016-04-22,Cardio,2,34,Male,26.73,71.9,1.64,12764,8.13,4.76,1.12,2.24,66,27,130,1217,1.26,1827
3977333714,2016-04-22,Cardio,1,25,Female,20.88,65.4,1.77,8911,5.96,2.33,0.58,3.06,33,12,188,731,0.89,1481
8253242879,2016-04-22,Strength,2,22,Female,27.16,78.5,1.7,2824,1.87,0.0,0.0,1.87,0,0,120,1320,1.36,1651
6290855005,2016-04-22,Cardio,2,34,Female,22.48,59.0,1.62,6238,4.72,0.0,0.0,4.72,0,0,302,1138,1.13,2796
8583815059,2016-04-22,Yoga,1,29,Male,38.16,120.9,1.78,8687,6.78,0.29,2.41,4.08,4,54,212,1170,0.78,2944
6775888955,2016-04-22,HIIT,1,34,Female,29.56,69.2,1.53,637,0.46,0.0,0.0,0.46,0,0,20,1420,1.36,1922
1927972279,2016-04-22,HIIT,3,32,Male,33.55,85.9,1.6,149,0.1,0.0,0.0,0.1,0,0,10,1430,1.99,2093
8378563200,2016-04-22,Yoga,2,54,Male,27.92,86.5,1.76,12200,9.67,4.91,0.59,4.18,113,12,159,769,1.48,4044
2022484408,2016-04-22,HIIT,3,43,Female,24.64,61.5,1.58,12954,9.33,4.43,0.42,4.47,52,10,273,1105,1.86,2638
3977333714,2016-04-23,Cardio,1,25,Female,20.88,65.4,1.77,12058,8.07,0.0,4.22,3.85,0,92,252,724,0.89,1638
8378563200,2016-04-23,Yoga,2,54,Male,27.92,86.5,1.76,5709,4.53,1.52,0.52,2.48,19,10,136,740,1.48,2908
2320127002,2016-04-23,Strength,2,52,Male,23.97,70.9,1.72,5079,3.42,0.0,0.0,3.42,0,0,242,1129,1.31,1804
6290855005,2016-04-23,Cardio,2,34,Female,22.48,59.0,1.62,0,0.0,0.0,0.0,0.0,33,0,0,1407,1.13,2664
2022484408,2016-04-23,HIIT,3,43,Female,24.64,61.5,1.58,6001,4.21,0.0,0.0,4.21,0,0,249,1191,1.86,2069
4388161847,2016-04-23,Yoga,1,54,Male,29.1,116.4,2.0,13236,10.18,4.5,0.32,5.35,58,5,215,749,1.13,3306
4702921684,2016-04-23,Yoga,2,48,Male,49.84,129.2,1.61,15126,12.27,0.76,3.24,8.27,9,66,408,469,1.06,3691
8877689391,2016-04-23,Cardio,1,33,Female,23.2,53.6,1.52,11200,7.43,0.0,0.0,7.4,102,6,300,1032,1.02,3891
8792009665,2016-04-23,HIIT,1,32,Male,33.4,108.2,1.8,5245,3.36,0.16,0.44,2.75,8,45,232,795,1.27,2748
7007744171,2016-04-23,Yoga,2,58,Female,26.43,74.6,1.68,8093,5.41,0.13,1.13,4.15,2,25,223,1190,1.03,2284
8053475328,2016-04-23,Yoga,1,38,Female,30.68,76.6,1.58,22359,17.19,12.54,0.63,4.02,125,14,223,741,0.74,3554
1927972279,2016-04-23,HIIT,3,32,Male,33.55,85.9,1.6,2945,2.04,0.0,0.0,2.04,0,0,145,1295,1.99,2499
3372868164,2016-04-23,Cardio,3,23,Female,23.21,60.9,1.62,7396,5.07,1.4,0.08,3.58,20,2,303,1115,1.59,1995
1624580081,2016-04-23,HIIT,3,48,Male,25.33,83.9,1.82,8538,5.55,0.0,0.0,5.54,0,0,227,1213,1.9,1562
4445114986,2016-04-23,Cardio,1,42,Female,18.15,53.7,1.72,4363,2.93,0.0,0.0,2.93,0,0,201,1239,1.37,2149
1503960366,2016-04-23,Cardio,2,34,Male,26.73,71.9,1.64,14371,9.04,2.81,0.87,5.36,41,21,262,732,1.26,1949
4319703577,2016-04-23,Cardio,1,46,Male,18.39,54.4,1.72,4935,3.31,0.0,0.0,3.31,0,0,233,546,0.91,1945
7086361926,2016-04-23,Strength,1,33,Male,28.69,113.6,1.99,2817,1.81,0.0,0.0,1.8,0,0,90,1350,1.38,1965
6775888955,2016-04-23,HIIT,1,34,Female,29.56,69.2,1.53,0,0.0,0.0,0.0,0.0,0,0,0,1440,1.36,1841
2347167796,2016-04-23,Yoga,2,25,Female,23.75,57.8,1.56,16901,11.37,2.78,1.45,7.15,32,35,360,591,1.35,2629
4020332650,2016-04-23,Cardio,2,47,Male,17.75,55.6,1.77,0,0.0,0.0,0.0,0.0,0,0,0,1440,1.2,1980
8253242879,2016-04-23,Strength,2,22,Female,27.16,78.5,1.7,9282,6.26,2.09,1.04,3.13,30,26,191,1193,1.36,2132
1844505072,2016-04-23,Yoga,1,30,Male,22.17,67.9,1.75,3570,2.36,0.0,0.0,2.36,0,0,139,1301,1.25,1645
5553957443,2016-04-23,Strength,1,47,Female,12.91,40.0,1.76,4112,2.69,0.0,0.0,2.68,0,0,272,443,0.8,1776
6117666160,2016-04-23,Yoga,1,56,Male,40.71,129.0,1.78,11495,8.68,0.0,0.0,8.68,0,0,512,468,1.29,2651
2873212765,2016-04-23,Strength,1,18,Male,27.01,70.0,1.61,9317,6.35,2.09,0.23,4.02,28,5,330,1077,1.3,2021
6962181067,2016-04-23,Cardio,1,50,Male,31.14,90.0,1.7,20031,13.24,4.2,2.0,7.04,58,41,347,484,0.81,2571
1644430081,2016-04-23,Yoga,1,49,Male,26.77,79.2,1.72,6637,4.83,0.0,0.58,4.25,0,15,160,1265,1.46,2677
8583815059,2016-04-23,Yoga,1,29,Male,38.16,120.9,1.78,9423,7.35,0.53,2.03,4.75,7,44,238,1151,0.78,3012
5577150313,2016-04-23,Yoga,2,28,Male,29.61,81.6,1.66,7638,5.71,1.21,0.36,4.14,24,24,223,627,1.09,3152
2026352035,2016-04-23,Yoga,2,51,Male,41.34,115.3,1.67,12357,7.71,0.0,0.0,7.71,0,0,432,458,1.38,1916
4558609924,2016-04-23,HIIT,3,31,Female,19.31,60.5,1.77,6890,4.55,0.34,0.2,4.01,5,5,308,1122,1.72,2085
4702921684,2016-04-24,Yoga,2,48,Male,49.84,129.2,1.61,15050,12.22,1.2,5.12,5.88,15,95,281,542,1.06,3538
2320127002,2016-04-24,Strength,2,52,Male,23.97,70.9,1.72,4165,2.81,0.0,0.0,2.8,0,0,204,1236,1.31,1725
5577150313,2016-04-24,Yoga,2,28,Male,29.61,81.6,1.66,15764,11.78,7.65,2.15,1.98,210,65,141,425,1.09,4392
8253242879,2016-04-24,Strength,2,22,Female,27.16,78.5,1.7,8905,7.13,5.6,0.19,1.34,41,4,82,1313,1.36,1976
1624580081,2016-04-24,HIIT,3,48,Male,25.33,83.9,1.82,6076,3.95,1.15,0.91,1.89,16,18,185,1221,1.9,1617
4020332650,2016-04-24,Cardio,2,47,Male,17.75,55.6,1.77,0,0.0,0.0,0.0,0.0,0,0,0,1440,1.2,1980
2026352035,2016-04-24,Yoga,2,51,Male,41.34,115.3,1.67,3490,2.16,0.0,0.0,2.16,0,0,164,704,1.38,1401
6290855005,2016-04-24,Cardio,2,34,Female,22.48,59.0,1.62,5896,4.46,0.0,0.0,4.46,0,0,258,1182,1.13,2703
6775888955,2016-04-24,HIIT,1,34,Female,29.56,69.2,1.53,2153,1.54,0.77,0.62,0.15,11,18,11,1400,1.36,2053
7007744171,2016-04-24,Yoga,2,58,Female,26.43,74.6,1.68,11085,7.42,0.0,0.0,7.42,0,0,419,1021,1.03,2667
8583815059,2016-04-24,Yoga,1,29,Male,38.16,120.9,1.78,8286,6.46,0.15,2.05,4.27,2,44,206,1188,0.78,2889
6962181067,2016-04-24,Cardio,1,50,Male,31.14,90.0,1.7,5029,3.32,0.0,0.0,3.32,0,0,199,720,0.81,1705
8877689391,2016-04-24,Cardio,1,33,Female,23.2,53.6,1.52,16674,15.74,11.01,0.01,4.69,64,1,227,1148,1.02,3455
2873212765,2016-04-24,Strength,1,18,Male,27.01,70.0,1.61,6873,4.68,3.0,0.06,1.62,46,1,190,1203,1.3,1898
2347167796,2016-04-24,Yoga,2,25,Female,23.75,57.8,1.56,9471,6.26,0.0,0.0,6.26,0,0,360,584,1.35,2187
4558609924,2016-04-24,HIIT,3,31,Female,19.31,60.5,1.77,8563,5.66,0.0,0.0,5.65,0,0,395,1045,1.72,2173
4319703577,2016-04-24,Cardio,1,46,Male,18.39,54.4,1.72,4081,2.74,0.06,0.2,2.47,1,5,191,692,0.91,1880
6117666160,2016-04-24,Yoga,1,56,Male,40.71,129.0,1.78,7623,5.76,0.0,0.0,5.76,0,0,362,711,1.29,2305
8792009665,2016-04-24,HIIT,1,32,Male,33.4,108.2,1.8,400,0.26,0.04,0.05,0.16,3,8,19,1410,1.27,1799
1503960366,2016-04-24,Cardio,2,34,Male,26.73,71.9,1.64,10039,6.41,2.92,0.21,3.28,39,5,238,709,1.26,1788
8053475328,2016-04-24,Yoga,1,38,Female,30.68,76.6,1.58,22988,17.95,13.13,1.55,3.26,129,33,182,1096,0.74,3577
7086361926,2016-04-24,Strength,1,33,Male,28.69,113.6,1.99,3520,2.16,0.0,0.0,2.15,0,0,125,566,1.38,2049
1644430081,2016-04-24,Yoga,1,49,Male,26.77,79.2,1.72,3321,2.41,0.0,0.0,2.41,0,0,89,1351,1.46,2413
8378563200,2016-04-24,Yoga,2,54,Male,27.92,86.5,1.76,3703,2.94,0.0,0.0,2.94,0,0,135,734,1.48,2741
1844505072,2016-04-24,Yoga,1,30,Male,22.17,67.9,1.75,0,0.0,0.0,0.0,0.0,0,0,0,1440,1.25,1347
3372868164,2016-04-24,Cardio,3,23,Female,23.21,60.9,1.62,6731,4.59,0.89,0.19,3.49,14,7,292,1127,1.59,1921
1927972279,2016-04-24,HIIT,3,32,Male,33.55,85.9,1.6,2090,1.45,0.07,0.24,1.14,1,6,75,1358,1.99,2324
4445114986,2016-04-24,Cardio,1,42,Female,18.15,53.7,1.72,5002,3.36,0.0,0.0,3.36,0,0,244,1196,1.37,2247
3977333714,2016-04-24,Cardio,1,25,Female,20.88,65.4,1.77,14112,10.0,3.27,4.56,2.17,30,95,129,660,0.89,1655
5553957443,2016-04-24,Strength,1,47,Female,12.91,40.0,1.76,1807,1.18,0.0,0.0,1.18,0,0,104,582,0.8,1507
4388161847,2016-04-24,Yoga,1,54,Male,29.1,116.4,2.0,10243,7.88,1.08,0.51,6.3,14,8,239,584,1.13,2885
2022484408,2016-04-24,HIIT,3,43,Female,24.64,61.5,1.58,13481,10.28,4.55,1.15,4.58,37,26,216,1161,1.86,2529
6290855005,2016-04-25,Cardio,2,34,Female,22.48,59.0,1.62,7802,5.9,0.68,0.18,5.03,8,3,249,1180,1.13,2771
4020332650,2016-04-25,Cardio,2,47,Male,17.75,55.6,1.77,0,0.0,0.0,0.0,0.0,0,0,0,1440,1.2,1980
8792009665,2016-04-25,HIIT,1,32,Male,33.4,108.2,1.8,0,0.0,0.0,0.0,0.0,0,0,0,1440,1.27,1688
4388161847,2016-04-25,Yoga,1,54,Male,29.1,116.4,2.0,12961,9.97,0.73,1.4,7.84,11,31,301,1054,1.13,3288
1844505072,2016-04-25,Yoga,1,30,Male,22.17,67.9,1.75,0,0.0,0.0,0.0,0.0,0,0,0,1440,1.25,1347
1644430081,2016-04-25,Yoga,1,49,Male,26.77,79.2,1.72,3580,2.6,0.59,0.06,1.95,8,1,94,1337,1.46,2497
4445114986,2016-04-25,Cardio,1,42,Female,18.15,53.7,1.72,3385,2.27,0.0,0.0,2.27,0,0,179,916,1.37,2070
2873212765,2016-04-25,Strength,1,18,Male,27.01,70.0,1.61,7373,4.95,0.0,0.0,4.95,0,0,359,1081,1.3,1907
1624580081,2016-04-25,HIIT,3,48,Male,25.33,83.9,1.82,6497,4.22,0.0,0.0,4.2,0,0,202,1238,1.9,1492
7086361926,2016-04-25,Strength,1,33,Male,28.69,113.6,1.99,10091,6.82,3.75,0.7,2.37,69,39,129,706,1.38,2752
5577150313,2016-04-25,Yoga,2,28,Male,29.61,81.6,1.66,6393,4.78,1.35,0.67,2.76,61,38,214,743,1.09,3374
1927972279,2016-04-25,HIIT,3,32,Male,33.55,85.9,1.6,152,0.11,0.0,0.0,0.11,0,0,12,1303,1.99,2100
5553957443,2016-04-25,Strength,1,47,Female,12.91,40.0,1.76,10946,7.19,2.93,0.57,3.69,51,11,201,732,0.8,2033
1503960366,2016-04-25,Cardio,2,34,Male,26.73,71.9,1.64,15355,9.8,5.29,0.57,3.94,73,14,216,814,1.26,2013
8378563200,2016-04-25,Yoga,2,54,Male,27.92,86.5,1.76,12405,9.84,5.05,0.87,3.92,117,16,141,692,1.48,4005
6775888955,2016-04-25,HIIT,1,34,Female,29.56,69.2,1.53,6474,4.64,2.27,0.46,1.9,33,13,92,1302,1.36,2484
2026352035,2016-04-25,Yoga,2,51,Male,41.34,115.3,1.67,6017,3.73,0.0,0.0,3.73,0,0,260,821,1.38,1576
4558609924,2016-04-25,HIIT,3,31,Female,19.31,60.5,1.77,8095,5.35,0.59,0.25,4.51,18,10,340,993,1.72,2225
7007744171,2016-04-25,Yoga,2,58,Female,26.43,74.6,1.68,18229,13.34,4.31,1.37,7.67,51,24,379,986,1.03,3055
2022484408,2016-04-25,HIIT,3,43,Female,24.64,61.5,1.58,11369,8.01,3.33,0.22,4.46,44,8,217,1171,1.86,2470
6117666160,2016-04-25,Yoga,1,56,Male,40.71,129.0,1.78,0,0.0,0.0,0.0,0.0,0,0,0,1440,1.29,1497
2320127002,2016-04-25,Strength,2,52,Male,23.97,70.9,1.72,3588,2.42,0.23,0.2,1.99,3,5,152,1280,1.31,1654
6962181067,2016-04-25,Cardio,1,50,Male,31.14,90.0,1.7,13239,9.27,3.02,1.68,4.46,35,31,282,637,0.81,2194
2347167796,2016-04-25,Yoga,2,25,Female,23.75,57.8,1.56,9482,6.38,1.27,0.52,4.6,15,11,277,653,1.35,2095
8053475328,2016-04-25,Yoga,1,38,Female,30.68,76.6,1.58,20500,15.69,11.37,0.46,3.86,118,9,209,1104,0.74,3403
8253242879,2016-04-25,Strength,2,22,Female,27.16,78.5,1.7,6829,4.51,0.36,2.39,1.77,7,54,118,1261,1.36,1909
3372868164,2016-04-25,Cardio,3,23,Female,23.21,60.9,1.62,5995,4.09,0.0,0.0,4.09,0,0,416,1024,1.59,2010
3977333714,2016-04-25,Cardio,1,25,Female,20.88,65.4,1.77,11177,8.48,5.62,0.43,2.41,50,9,133,781,0.89,1570
4702921684,2016-04-25,Yoga,2,48,Male,49.84,129.2,1.61,9167,7.43,0.49,0.82,6.11,6,15,270,730,1.06,3064
4319703577,2016-04-25,Cardio,1,46,Male,18.39,54.4,1.72,9259,6.21,0.0,0.28,5.93,0,8,390,544,0.91,2314
8877689391,2016-04-25,Cardio,1,33,Female,23.2,53.6,1.52,12986,8.74,2.37,0.07,6.27,113,8,218,1101,1.02,3802
8583815059,2016-04-25,Yoga,1,29,Male,38.16,120.9,1.78,4503,3.51,1.47,0.24,1.81,18,6,122,1294,0.78,2547
5553957443,2016-04-26,Strength,1,47,Female,12.91,40.0,1.76,11886,7.76,2.37,0.93,4.46,40,18,238,750,0.8,2093
8583815059,2016-04-26,Yoga,1,29,Male,38.16,120.9,1.78,10499,8.19,0.07,4.22,3.89,1,91,214,1134,0.78,3093
1644430081,2016-04-26,Yoga,1,49,Male,26.77,79.2,1.72,9919,7.21,0.8,1.72,4.69,11,41,223,1165,1.46,3123
6117666160,2016-04-26,Yoga,1,56,Male,40.71,129.0,1.78,9543,7.21,0.0,0.34,6.87,0,7,352,1077,1.29,2450
2026352035,2016-04-26,Yoga,2,51,Male,41.34,115.3,1.67,5933,3.68,0.0,0.0,3.68,0,0,288,1018,1.38,1595
4388161847,2016-04-26,Yoga,1,54,Male,29.1,116.4,2.0,9461,7.28,0.94,1.06,5.27,14,23,224,673,1.13,2929
7086361926,2016-04-26,Strength,1,33,Male,28.69,113.6,1.99,10387,7.07,4.16,0.77,2.12,70,33,132,726,1.38,2781
2022484408,2016-04-26,HIIT,3,43,Female,24.64,61.5,1.58,10119,7.19,1.43,0.66,5.11,55,24,275,1086,1.86,2793
1844505072,2016-04-26,Yoga,1,30,Male,22.17,67.9,1.75,0,0.0,0.0,0.0,0.0,0,0,0,1440,1.25,1347
1624580081,2016-04-26,HIIT,3,48,Male,25.33,83.9,1.82,2826,1.84,0.0,0.0,1.83,0,0,140,1300,1.9,1402
8792009665,2016-04-26,HIIT,1,32,Male,33.4,108.2,1.8,1321,0.85,0.0,0.0,0.85,0,0,80,1360,1.27,1928
6962181067,2016-04-26,Cardio,1,50,Male,31.14,90.0,1.7,10433,6.9,2.58,0.42,3.9,36,7,254,680,0.81,2012
6290855005,2016-04-26,Cardio,2,34,Female,22.48,59.0,1.62,0,0.0,0.0,0.0,0.0,0,0,0,1440,1.13,2060
4558609924,2016-04-26,HIIT,3,31,Female,19.31,60.5,1.77,9148,6.05,0.43,2.03,3.59,12,41,283,1062,1.72,2223
5577150313,2016-04-26,Yoga,2,28,Male,29.61,81.6,1.66,5325,3.98,0.85,0.65,2.47,38,32,181,759,1.09,3088
8253242879,2016-04-26,Strength,2,22,Female,27.16,78.5,1.7,4562,3.04,1.18,0.49,1.37,19,14,108,1299,1.36,1813
2320127002,2016-04-26,Strength,2,52,Male,23.97,70.9,1.72,3409,2.3,0.0,0.0,2.3,0,0,147,1293,1.31,1632
1503960366,2016-04-26,Cardio,2,34,Male,26.73,71.9,1.64,13755,8.79,2.33,0.92,5.54,31,23,279,833,1.26,1970
4020332650,2016-04-26,Cardio,2,47,Male,17.75,55.6,1.77,0,0.0,0.0,0.0,0.0,0,0,0,1440,1.2,1980
2347167796,2016-04-26,Yoga,2,25,Female,23.75,57.8,1.56,5980,3.95,0.0,0.0,3.95,0,0,227,732,1.35,1861
8877689391,2016-04-26,Cardio,1,33,Female,23.2,53.6,1.52,11101,8.43,1.76,0.13,6.5,22,3,258,1157,1.02,2860
4319703577,2016-04-26,Cardio,1,46,Male,18.39,54.4,1.72,9899,6.64,0.57,0.92,5.15,8,21,288,649,0.91,2236
8378563200,2016-04-26,Yoga,2,54,Male,27.92,86.5,1.76,16208,12.85,7.51,0.92,4.42,90,18,161,593,1.48,3763
3372868164,2016-04-26,Cardio,3,23,Female,23.21,60.9,1.62,8283,5.79,1.85,0.05,3.87,22,2,333,1083,1.59,2057
3977333714,2016-04-26,Cardio,1,25,Female,20.88,65.4,1.77,11388,7.62,0.45,4.22,2.95,7,95,170,797,0.89,1551
1927972279,2016-04-26,HIIT,3,32,Male,33.55,85.9,1.6,3761,2.6,0.0,0.0,2.6,0,0,192,1058,1.99,2638
4702921684,2016-04-26,Yoga,2,48,Male,49.84,129.2,1.61,6108,4.95,0.07,0.35,4.54,1,8,216,765,1.06,2784
7007744171,2016-04-26,Yoga,2,58,Female,26.43,74.6,1.68,15090,10.1,0.93,0.94,8.23,16,22,424,978,1.03,2939
8053475328,2016-04-26,Yoga,1,38,Female,30.68,76.6,1.58,12685,9.62,6.31,0.2,3.1,68,5,185,1182,0.74,2846
2873212765,2016-04-26,Strength,1,18,Male,27.01,70.0,1.61,8242,5.54,0.12,0.18,5.24,2,5,309,1124,1.3,1882
4445114986,2016-04-26,Cardio,1,42,Female,18.15,53.7,1.72,6326,4.41,2.41,0.04,1.96,29,1,180,839,1.37,2291
6775888955,2016-04-26,HIIT,1,34,Female,29.56,69.2,1.53,7091,5.27,3.48,0.87,0.73,42,30,47,1321,1.36,2584
4020332650,2016-04-27,Cardio,2,47,Male,17.75,55.6,1.77,0,0.0,0.0,0.0,0.0,0,0,0,1440,1.2,1980
6290855005,2016-04-27,Cardio,2,34,Female,22.48,59.0,1.62,5565,4.21,0.0,0.0,4.18,0,0,287,1153,1.13,2743
8253242879,2016-04-27,Strength,2,22,Female,27.16,78.5,1.7,10232,8.18,6.24,0.23,1.7,45,5,104,1286,1.36,2008
1624580081,2016-04-27,HIIT,3,48,Male,25.33,83.9,1.82,8367,5.44,1.11,1.87,2.46,17,36,154,1233,1.9,1670
8583815059,2016-04-27,Yoga,1,29,Male,38.16,120.9,1.78,12474,9.73,6.6,0.27,2.87,77,5,129,1229,0.78,3142
3977333714,2016-04-27,Cardio,1,25,Female,20.88,65.4,1.77,7193,5.04,0.0,0.42,4.62,0,10,176,714,0.89,1377
2320127002,2016-04-27,Strength,2,52,Male,23.97,70.9,1.72,1715,1.16,0.0,0.0,1.16,0,0,82,1358,1.31,1481
8053475328,2016-04-27,Yoga,1,38,Female,30.68,76.6,1.58,12422,9.82,6.46,0.43,2.93,60,10,183,1187,0.74,2852
2347167796,2016-04-27,Yoga,2,25,Female,23.75,57.8,1.56,11423,7.58,1.86,0.4,5.32,26,9,295,623,1.35,2194
6962181067,2016-04-27,Cardio,1,50,Male,31.14,90.0,1.7,10320,6.82,0.55,2.02,4.25,7,38,279,697,0.81,2034
8378563200,2016-04-27,Yoga,2,54,Male,27.92,86.5,1.76,7359,5.84,0.33,0.18,5.33,4,4,192,676,1.48,3061
1644430081,2016-04-27,Yoga,1,49,Male,26.77,79.2,1.72,3032,2.2,0.0,0.0,2.2,0,0,118,1322,1.46,2489
7086361926,2016-04-27,Strength,1,33,Male,28.69,113.6,1.99,11107,8.34,5.63,0.18,2.53,55,6,145,829,1.38,2693
4702921684,2016-04-27,Yoga,2,48,Male,49.84,129.2,1.61,7047,5.72,0.09,0.8,4.78,1,16,238,733,1.06,2908
1927972279,2016-04-27,HIIT,3,32,Male,33.55,85.9,1.6,0,0.0,0.0,0.0,0.0,0,0,0,1440,1.99,2063
5577150313,2016-04-27,Yoga,2,28,Male,29.61,81.6,1.66,6805,5.14,1.81,0.4,2.93,63,16,190,773,1.09,3294
4558609924,2016-04-27,HIIT,3,31,Female,19.31,60.5,1.77,9557,6.32,1.96,0.89,3.46,27,14,312,1087,1.72,2098
1503960366,2016-04-27,Cardio,2,34,Male,26.73,71.9,1.64,18134,12.21,6.4,0.41,5.41,78,11,243,1108,1.26,2159
2026352035,2016-04-27,Yoga,2,51,Male,41.34,115.3,1.67,6088,3.77,0.0,0.0,3.77,0,0,286,586,1.38,1593
1844505072,2016-04-27,Yoga,1,30,Male,22.17,67.9,1.75,4,0.0,0.0,0.0,0.0,0,0,1,1439,1.25,1348
3372868164,2016-04-27,Cardio,3,23,Female,23.21,60.9,1.62,7904,5.42,1.58,0.63,3.19,24,13,346,1057,1.59,2095
6775888955,2016-04-27,HIIT,1,34,Female,29.56,69.2,1.53,0,0.0,0.0,0.0,0.0,0,0,0,1440,1.36,1841
4388161847,2016-04-27,Yoga,1,54,Male,29.1,116.4,2.0,11193,8.61,0.7,2.51,5.39,11,48,241,684,1.13,3074
5553957443,2016-04-27,Strength,1,47,Female,12.91,40.0,1.76,10538,6.88,1.14,1.0,4.74,16,16,206,745,0.8,1922
6117666160,2016-04-27,Yoga,1,56,Male,40.71,129.0,1.78,9411,7.11,0.0,0.0,7.11,0,0,458,417,1.29,2576
4319703577,2016-04-27,Cardio,1,46,Male,18.39,54.4,1.72,10780,7.23,0.41,1.92,4.91,6,47,300,680,0.91,2324
8877689391,2016-04-27,Cardio,1,33,Female,23.2,53.6,1.52,23629,20.65,13.07,0.44,7.1,93,8,235,1104,1.02,3808
2873212765,2016-04-27,Strength,1,18,Male,27.01,70.0,1.61,3516,2.36,0.0,0.0,2.36,46,0,197,1197,1.3,1966
2022484408,2016-04-27,HIIT,3,43,Female,24.64,61.5,1.58,10159,7.13,1.04,0.97,5.12,19,20,282,1119,1.86,2463
4445114986,2016-04-27,Cardio,1,42,Female,18.15,53.7,1.72,7243,5.03,2.62,0.03,2.38,32,1,194,839,1.37,2361
7007744171,2016-04-27,Yoga,2,58,Female,26.43,74.6,1.68,13541,10.22,4.27,0.66,5.29,50,12,337,1041,1.03,2830
8792009665,2016-04-27,HIIT,1,32,Male,33.4,108.2,1.8,1758,1.13,0.0,0.0,1.13,0,0,112,900,1.27,2067
7086361926,2016-04-28,Strength,1,33,Male,28.69,113.6,1.99,11584,7.8,2.79,1.64,3.36,54,48,161,810,1.38,2862
5577150313,2016-04-28,Yoga,2,28,Male,29.61,81.6,1.66,9841,7.43,3.25,1.17,3.01,99,51,141,692,1.09,3580
8877689391,2016-04-28,Cardio,1,33,Female,23.2,53.6,1.52,14890,11.3,4.93,0.38,5.97,58,8,231,1143,1.02,3060
6775888955,2016-04-28,HIIT,1,34,Female,29.56,69.2,1.53,703,0.5,0.06,0.2,0.24,2,13,15,1410,1.36,1993
2026352035,2016-04-28,Yoga,2,51,Male,41.34,115.3,1.67,6375,3.95,0.0,0.0,3.95,0,0,331,626,1.38,1649
8253242879,2016-04-28,Strength,2,22,Female,27.16,78.5,1.7,2718,1.8,0.67,0.78,0.34,11,16,20,1393,1.36,1580
8378563200,2016-04-28,Yoga,2,54,Male,27.92,86.5,1.76,5417,4.3,0.9,0.49,2.91,11,10,139,711,1.48,2884
2022484408,2016-04-28,HIIT,3,43,Female,24.64,61.5,1.58,10140,7.12,0.41,1.33,5.39,6,20,291,1123,1.86,2296
4558609924,2016-04-28,HIIT,3,31,Female,19.31,60.5,1.77,9451,6.25,0.02,0.27,5.95,1,11,367,985,1.72,2185
8583815059,2016-04-28,Yoga,1,29,Male,38.16,120.9,1.78,6174,4.82,0.0,1.2,3.61,0,28,203,1209,0.78,2757
4388161847,2016-04-28,Yoga,1,54,Male,29.1,116.4,2.0,10074,7.75,1.29,0.43,6.03,19,9,234,878,1.13,2969
1644430081,2016-04-28,Yoga,1,49,Male,26.77,79.2,1.72,9405,6.84,0.2,2.32,4.31,3,53,227,1157,1.46,3108
6290855005,2016-04-28,Cardio,2,34,Female,22.48,59.0,1.62,5731,4.33,0.0,0.0,4.33,0,0,255,1185,1.13,2687
8053475328,2016-04-28,Yoga,1,38,Female,30.68,76.6,1.58,15447,12.4,9.67,0.39,2.35,90,9,153,1188,0.74,3062
2347167796,2016-04-28,Yoga,2,25,Female,23.75,57.8,1.56,5439,3.6,0.0,0.0,3.6,0,0,229,764,1.35,1854
5553957443,2016-04-28,Strength,1,47,Female,12.91,40.0,1.76,11393,7.63,3.71,0.75,3.17,49,13,165,727,0.8,1999
3372868164,2016-04-28,Cardio,3,23,Female,23.21,60.9,1.62,5512,3.76,0.0,0.0,3.76,0,0,385,1055,1.59,1972
3977333714,2016-04-28,Cardio,1,25,Female,20.88,65.4,1.77,7114,4.88,1.37,0.29,3.22,15,8,190,804,0.89,1407
4702921684,2016-04-28,Yoga,2,48,Male,49.84,129.2,1.61,9023,7.32,1.13,0.42,5.77,14,9,232,738,1.06,3033
4020332650,2016-04-28,Cardio,2,47,Male,17.75,55.6,1.77,0,0.0,0.0,0.0,0.0,0,0,0,1440,1.2,1980
6117666160,2016-04-28,Yoga,1,56,Male,40.71,129.0,1.78,3403,2.6,0.0,0.0,2.6,0,0,141,758,1.29,1879
8792009665,2016-04-28,HIIT,1,32,Male,33.4,108.2,1.8,6157,3.94,0.0,0.0,3.94,0,0,310,714,1.27,2780
1624580081,2016-04-28,HIIT,3,48,Male,25.33,83.9,1.82,2759,1.79,0.0,0.2,1.6,0,5,115,1320,1.9,1401
4319703577,2016-04-28,Cardio,1,46,Male,18.39,54.4,1.72,10817,7.28,1.01,0.33,5.94,13,8,359,552,0.91,2367
4445114986,2016-04-28,Cardio,1,42,Female,18.15,53.7,1.72,4493,3.01,0.0,0.0,3.01,0,0,236,762,1.37,2203
2873212765,2016-04-28,Strength,1,18,Male,27.01,70.0,1.61,7913,5.41,2.16,0.34,2.91,28,7,213,1192,1.3,1835
6962181067,2016-04-28,Cardio,1,50,Male,31.14,90.0,1.7,12627,8.35,2.51,0.24,5.59,38,8,288,621,0.81,2182
7007744171,2016-04-28,Yoga,2,58,Female,26.43,74.6,1.68,15128,10.12,1.09,0.77,8.26,16,16,401,1007,1.03,2836
1503960366,2016-04-28,Cardio,2,34,Male,26.73,71.9,1.64,13154,8.53,3.54,1.16,3.79,48,28,189,782,1.26,1898
1927972279,2016-04-28,HIIT,3,32,Male,33.55,85.9,1.6,1675,1.16,0.0,0.0,1.16,0,0,95,1167,1.99,2351
2320127002,2016-04-28,Strength,2,52,Male,23.97,70.9,1.72,1532,1.03,0.0,0.0,1.03,0,0,76,1364,1.31,1473
1844505072,2016-04-28,Yoga,1,30,Male,22.17,67.9,1.75,6907,4.57,0.0,0.0,4.56,0,0,302,1138,1.25,1992
8053475328,2016-04-29,Yoga,1,38,Female,30.68,76.6,1.58,12315,9.65,6.17,0.31,3.17,58,8,159,1215,0.74,2794
1624580081,2016-04-29,HIIT,3,48,Male,25.33,83.9,1.82,2390,1.55,0.0,0.0,1.55,0,0,150,1290,1.9,1404
1503960366,2016-04-29,Cardio,2,34,Male,26.73,71.9,1.64,11181,7.15,1.06,0.5,5.58,16,12,243,815,1.26,1837
2022484408,2016-04-29,HIIT,3,43,Female,24.64,61.5,1.58,10245,7.19,0.48,1.21,5.5,21,40,281,1098,1.86,2611
4319703577,2016-04-29,Cardio,1,46,Male,18.39,54.4,1.72,7990,5.36,0.45,0.79,4.12,6,18,289,624,0.91,2175
6117666160,2016-04-29,Yoga,1,56,Male,40.71,129.0,1.78,9592,7.24,0.0,0.0,7.24,0,0,461,479,1.29,2560
6962181067,2016-04-29,Cardio,1,50,Male,31.14,90.0,1.7,10762,7.11,0.82,0.48,5.81,12,15,369,645,0.81,2254
1844505072,2016-04-29,Yoga,1,30,Male,22.17,67.9,1.75,4920,3.25,0.0,0.0,3.25,0,0,247,1082,1.25,1856
4020332650,2016-04-29,Cardio,2,47,Male,17.75,55.6,1.77,0,0.0,0.0,0.0,0.0,0,0,0,1440,1.2,1980
8792009665,2016-04-29,HIIT,1,32,Male,33.4,108.2,1.8,8360,5.35,0.14,0.28,4.93,6,14,380,634,1.27,3101
2873212765,2016-04-29,Strength,1,18,Male,27.01,70.0,1.61,7365,4.95,1.36,1.41,2.18,20,23,206,1191,1.3,1780
7007744171,2016-04-29,Yoga,2,58,Female,26.43,74.6,1.68,20067,14.3,4.31,2.05,7.95,55,42,382,961,1.03,3180
6290855005,2016-04-29,Cardio,2,34,Female,22.48,59.0,1.62,0,0.0,0.0,0.0,0.0,0,0,0,1440,1.13,2060
8877689391,2016-04-29,Cardio,1,33,Female,23.2,53.6,1.52,9733,7.39,1.38,0.17,5.79,18,5,210,1207,1.02,2698
5553957443,2016-04-29,Strength,1,47,Female,12.91,40.0,1.76,12764,8.33,2.79,0.64,4.91,46,15,270,709,0.8,2169
4445114986,2016-04-29,Cardio,1,42,Female,18.15,53.7,1.72,4676,3.14,0.0,0.0,3.13,0,0,226,1106,1.37,2196
4702921684,2016-04-29,Yoga,2,48,Male,49.84,129.2,1.61,9930,8.05,1.06,0.92,6.07,12,19,267,692,1.06,3165
7086361926,2016-04-29,Strength,1,33,Male,28.69,113.6,1.99,7881,4.95,0.49,0.45,4.0,24,36,182,1198,1.38,2616
1927972279,2016-04-29,HIIT,3,32,Male,33.55,85.9,1.6,0,0.0,0.0,0.0,0.0,0,0,0,1440,1.99,2063
3977333714,2016-04-29,Cardio,1,25,Female,20.88,65.4,1.77,10645,7.75,3.74,1.3,2.71,36,32,150,744,0.89,1545
8378563200,2016-04-29,Yoga,2,54,Male,27.92,86.5,1.76,6175,4.9,0.25,0.36,4.27,3,7,172,767,1.48,2982
4388161847,2016-04-29,Yoga,1,54,Male,29.1,116.4,2.0,9232,7.1,0.8,0.89,5.42,13,16,236,1175,1.13,2979
8583815059,2016-04-29,Yoga,1,29,Male,38.16,120.9,1.78,15168,11.83,3.9,3.0,4.92,46,67,258,1069,0.78,3513
1644430081,2016-04-29,Yoga,1,49,Male,26.77,79.2,1.72,3176,2.31,0.0,0.0,2.31,0,0,120,1193,1.46,2498
3372868164,2016-04-29,Cardio,3,23,Female,23.21,60.9,1.62,9135,6.23,0.0,0.0,6.22,0,0,402,1038,1.59,2044
6775888955,2016-04-29,HIIT,1,34,Female,29.56,69.2,1.53,0,0.0,0.0,0.0,0.0,0,0,0,1440,1.36,1841
5577150313,2016-04-29,Yoga,2,28,Male,29.61,81.6,1.66,7924,5.92,2.84,0.61,2.47,97,36,165,739,1.09,3544
8253242879,2016-04-29,Strength,2,22,Female,27.16,78.5,1.7,6260,4.26,1.29,0.54,2.4,16,14,136,1257,1.36,1854
4558609924,2016-04-29,HIIT,3,31,Female,19.31,60.5,1.77,7833,5.18,1.02,1.85,2.31,15,29,197,1096,1.72,1918
2347167796,2016-04-29,Yoga,2,25,Female,23.75,57.8,1.56,42,0.03,0.0,0.0,0.03,0,0,4,2,1.35,403
2026352035,2016-04-29,Yoga,2,51,Male,41.34,115.3,1.67,7604,4.71,0.0,0.0,4.71,0,0,352,492,1.38,1692
2320127002,2016-04-29,Strength,2,52,Male,23.97,70.9,1.72,924,0.62,0.0,0.0,0.62,0,0,45,1395,1.31,1410
7086361926,2016-04-30,Strength,1,33,Male,28.69,113.6,1.99,14560,9.41,3.12,1.04,5.24,42,17,308,584,1.38,2995
6775888955,2016-04-30,HIIT,1,34,Female,29.56,69.2,1.53,2503,1.79,0.16,0.16,1.48,3,9,84,1344,1.36,2280
4558609924,2016-04-30,HIIT,3,31,Female,19.31,60.5,1.77,10319,6.82,0.47,1.89,4.46,7,29,293,1111,1.72,2105
4020332650,2016-04-30,Cardio,2,47,Male,17.75,55.6,1.77,0,0.0,0.0,0.0,0.0,0,0,0,1440,1.2,1980
4445114986,2016-04-30,Cardio,1,42,Female,18.15,53.7,1.72,6222,4.18,0.0,0.0,4.18,0,0,290,797,1.37,2363
1927972279,2016-04-30,HIIT,3,32,Male,33.55,85.9,1.6,0,0.0,0.0,0.0,0.0,0,0,0,1440,1.99,2064
6962181067,2016-04-30,Cardio,1,50,Male,31.14,90.0,1.7,10081,6.66,2.24,0.76,3.67,32,16,237,731,0.81,2002
1644430081,2016-04-30,Yoga,1,49,Male,26.77,79.2,1.72,18213,13.24,0.63,3.14,9.46,9,71,402,816,1.46,3846
8378563200,2016-04-30,Yoga,2,54,Male,27.92,86.5,1.76,2946,2.34,0.0,0.0,2.34,0,0,121,780,1.48,2660
8792009665,2016-04-30,HIIT,1,32,Male,33.4,108.2,1.8,7174,4.59,0.33,0.36,3.91,10,20,301,749,1.27,2896
8877689391,2016-04-30,Cardio,1,33,Female,23.2,53.6,1.52,27745,26.72,21.66,0.08,4.93,124,4,223,1089,1.02,4398
1844505072,2016-04-30,Yoga,1,30,Male,22.17,67.9,1.75,4014,2.67,0.0,0.0,2.65,0,0,184,218,1.25,1763
5577150313,2016-04-30,Yoga,2,28,Male,29.61,81.6,1.66,12363,9.24,5.83,0.79,2.61,207,45,163,621,1.09,4501
3372868164,2016-04-30,Cardio,3,23,Female,23.21,60.9,1.62,5250,3.58,1.06,0.09,2.42,17,4,300,1119,1.59,1946
3977333714,2016-04-30,Cardio,1,25,Female,20.88,65.4,1.77,13238,9.2,3.69,2.1,3.41,43,52,194,687,0.89,1650
7007744171,2016-04-30,Yoga,2,58,Female,26.43,74.6,1.68,3761,2.52,0.0,0.0,2.52,0,0,200,1240,1.03,2051
8253242879,2016-04-30,Strength,2,22,Female,27.16,78.5,1.7,0,0.0,0.0,0.0,0.0,0,0,0,1440,1.36,0
1624580081,2016-04-30,HIIT,3,48,Male,25.33,83.9,1.82,6474,4.3,0.9,1.28,2.12,11,23,224,1182,1.9,1655
2026352035,2016-04-30,Yoga,2,51,Male,41.34,115.3,1.67,4729,2.93,0.0,0.0,2.93,0,0,233,594,1.38,1506
4702921684,2016-04-30,Yoga,2,48,Male,49.84,129.2,1.61,10144,8.23,0.32,2.03,5.88,4,36,263,728,1.06,3115
2022484408,2016-04-30,HIIT,3,43,Female,24.64,61.5,1.58,18387,12.91,0.94,1.4,10.57,13,23,361,1043,1.86,2732
2320127002,2016-04-30,Strength,2,52,Male,23.97,70.9,1.72,4571,3.08,0.0,0.0,3.07,0,0,234,1206,1.31,1779
6117666160,2016-04-30,Yoga,1,56,Male,40.71,129.0,1.78,6987,5.28,0.0,0.0,5.28,0,0,343,1040,1.29,2275
4319703577,2016-04-30,Cardio,1,46,Male,18.39,54.4,1.72,8221,5.52,0.4,1.61,3.51,6,38,196,695,0.91,2092
8053475328,2016-04-30,Yoga,1,38,Female,30.68,76.6,1.58,7135,5.59,2.99,0.06,2.54,27,1,131,1281,0.74,2408
6290855005,2016-04-30,Cardio,2,34,Female,22.48,59.0,1.62,6744,5.1,0.0,0.0,5.09,0,0,324,1116,1.13,2843
4388161847,2016-04-30,Yoga,1,54,Male,29.1,116.4,2.0,12533,9.64,0.7,2.0,6.94,14,43,300,537,1.13,3283
5553957443,2016-04-30,Strength,1,47,Female,12.91,40.0,1.76,1202,0.78,0.0,0.0,0.78,0,0,84,506,0.8,1463
1503960366,2016-04-30,Cardio,2,34,Male,26.73,71.9,1.64,14673,9.25,3.56,1.42,4.27,52,34,217,712,1.26,1947
2873212765,2016-04-30,Strength,1,18,Male,27.01,70.0,1.61,8452,5.68,0.33,1.08,4.26,5,20,248,1167,1.3,1830
8583815059,2016-04-30,Yoga,1,29,Male,38.16,120.9,1.78,10085,7.87,0.15,1.28,6.43,2,28,317,1093,0.78,3164
2022484408,2016-05-01,HIIT,3,43,Female,24.64,61.5,1.58,10538,7.4,1.94,0.96,4.5,25,28,245,1142,1.86,2380
8792009665,2016-05-01,HIIT,1,32,Male,33.4,108.2,1.8,1619,1.04,0.0,0.0,1.04,0,0,79,834,1.27,1962
4445114986,2016-05-01,Cardio,1,42,Female,18.15,53.7,1.72,5232,3.51,0.0,0.0,3.51,0,0,240,741,1.37,2246
1927972279,2016-05-01,HIIT,3,32,Male,33.55,85.9,1.6,2704,1.87,1.01,0.03,0.83,14,1,70,1355,1.99,2411
4319703577,2016-05-01,Cardio,1,46,Male,18.39,54.4,1.72,1251,0.84,0.0,0.0,0.84,0,0,67,836,0.91,1593
3372868164,2016-05-01,Cardio,3,23,Female,23.21,60.9,1.62,3077,2.1,0.0,0.0,2.09,0,0,172,842,1.59,1237
1624580081,2016-05-01,HIIT,3,48,Male,25.33,83.9,1.82,36019,28.03,21.92,4.19,1.91,186,63,171,1020,1.9,2690
1503960366,2016-05-01,Cardio,2,34,Male,26.73,71.9,1.64,10602,6.81,2.29,1.6,2.92,33,35,246,730,1.26,1820
7086361926,2016-05-01,Strength,1,33,Male,28.69,113.6,1.99,12390,8.07,2.3,0.9,4.85,30,15,258,685,1.38,2730
8378563200,2016-05-01,Yoga,2,54,Male,27.92,86.5,1.76,11419,9.06,6.03,0.56,2.47,71,10,127,669,1.48,3369
8583815059,2016-05-01,Yoga,1,29,Male,38.16,120.9,1.78,4512,3.52,0.78,0.12,2.04,10,2,117,1311,0.78,2596
1644430081,2016-05-01,Yoga,1,49,Male,26.77,79.2,1.72,6132,4.46,0.24,0.99,3.23,3,24,146,908,1.46,2696
5553957443,2016-05-01,Strength,1,47,Female,12.91,40.0,1.76,5164,3.37,0.0,0.0,3.37,0,0,237,436,0.8,1747
6962181067,2016-05-01,Cardio,1,50,Male,31.14,90.0,1.7,5454,3.61,0.0,0.0,3.61,0,0,215,722,0.81,1740
2026352035,2016-05-01,Yoga,2,51,Male,41.34,115.3,1.67,3609,2.28,0.0,0.0,2.28,0,0,191,716,1.38,1447
8877689391,2016-05-01,Cardio,1,33,Female,23.2,53.6,1.52,10930,8.32,3.13,0.57,4.57,36,12,166,1226,1.02,2786
6775888955,2016-05-01,HIIT,1,34,Female,29.56,69.2,1.53,2487,1.78,0.48,0.62,0.68,9,34,50,1347,1.36,2319
4702921684,2016-05-01,Yoga,2,48,Male,49.84,129.2,1.61,0,0.0,0.0,0.0,0.0,0,0,0,1440,1.06,2017
2873212765,2016-05-01,Strength,1,18,Male,27.01,70.0,1.61,7399,4.97,0.49,1.04,3.44,7,18,196,1219,1.3,1739
4388161847,2016-05-01,Yoga,1,54,Male,29.1,116.4,2.0,10255,7.89,1.01,0.68,6.2,12,15,241,579,1.13,2926
2320127002,2016-05-01,Strength,2,52,Male,23.97,70.9,1.72,772,0.52,0.0,0.0,0.52,0,0,40,1400,1.31,1403
3977333714,2016-05-01,Cardio,1,25,Female,20.88,65.4,1.77,10414,7.07,2.67,1.98,2.41,41,40,124,691,0.89,1501
8053475328,2016-05-01,Yoga,1,38,Female,30.68,76.6,1.58,1170,0.85,0.0,0.0,0.85,0,0,51,1389,0.74,1886
6117666160,2016-05-01,Yoga,1,56,Male,40.71,129.0,1.78,8915,6.73,0.0,0.0,6.73,0,0,397,525,1.29,2361
4020332650,2016-05-01,Cardio,2,47,Male,17.75,55.6,1.77,0,0.0,0.0,0.0,0.0,0,0,0,1440,1.2,1980
6290855005,2016-05-01,Cardio,2,34,Female,22.48,59.0,1.62,9837,7.44,0.66,2.75,4.0,8,95,282,1055,1.13,3327
1844505072,2016-05-01,Yoga,1,30,Male,22.17,67.9,1.75,2573,1.7,0.0,0.26,1.45,0,7,75,585,1.25,1541
4558609924,2016-05-01,HIIT,3,31,Female,19.31,60.5,1.77,3428,2.27,0.0,0.0,2.27,0,0,190,1121,1.72,1692
5577150313,2016-05-01,Yoga,2,28,Male,29.61,81.6,1.66,13368,9.99,5.31,1.44,3.24,194,72,178,499,1.09,4546
7007744171,2016-05-01,Yoga,2,58,Female,26.43,74.6,1.68,5600,3.75,0.0,0.0,3.75,0,0,237,1142,1.03,2225
2320127002,2016-05-02,Strength,2,52,Male,23.97,70.9,1.72,3634,2.45,0.36,0.21,1.88,5,6,123,1306,1.31,1613
1624580081,2016-05-02,HIIT,3,48,Male,25.33,83.9,1.82,7155,4.93,0.86,0.59,3.47,7,6,166,1261,1.9,1497
8378563200,2016-05-02,Yoga,2,54,Male,27.92,86.5,1.76,6064,4.81,0.63,0.17,4.01,63,4,142,802,1.48,3491
1644430081,2016-05-02,Yoga,1,49,Male,26.77,79.2,1.72,3758,2.73,0.07,0.31,2.35,1,7,148,682,1.46,2580
6775888955,2016-05-02,HIIT,1,34,Female,29.56,69.2,1.53,0,0.0,0.0,0.0,0.0,0,0,0,1440,1.36,1841
2026352035,2016-05-02,Yoga,2,51,Male,41.34,115.3,1.67,7018,4.35,0.0,0.0,4.35,0,0,355,716,1.38,1690
4702921684,2016-05-02,Yoga,2,48,Male,49.84,129.2,1.61,7245,5.92,0.38,1.74,3.76,5,40,195,1131,1.06,2859
4445114986,2016-05-02,Cardio,1,42,Female,18.15,53.7,1.72,6910,4.75,2.21,0.19,2.35,27,4,200,667,1.37,2336
8877689391,2016-05-02,Cardio,1,33,Female,23.2,53.6,1.52,4790,3.64,0.0,0.0,3.56,0,0,105,1335,1.02,2189
6962181067,2016-05-02,Cardio,1,50,Male,31.14,90.0,1.7,12912,8.54,1.2,2.0,5.34,18,39,313,655,0.81,2162
1927972279,2016-05-02,HIIT,3,32,Male,33.55,85.9,1.6,3790,2.62,1.16,0.3,1.16,16,8,94,1322,1.99,2505
4020332650,2016-05-02,Cardio,2,47,Male,17.75,55.6,1.77,475,0.34,0.0,0.04,0.29,0,11,31,1350,1.2,2207
8053475328,2016-05-02,Yoga,1,38,Female,30.68,76.6,1.58,1969,1.43,0.0,0.0,1.43,0,0,95,1345,0.74,1988
1503960366,2016-05-02,Cardio,2,34,Male,26.73,71.9,1.64,14727,9.71,3.21,0.57,5.92,41,15,277,798,1.26,2004
4558609924,2016-05-02,HIIT,3,31,Female,19.31,60.5,1.77,7891,5.22,0.0,0.0,5.22,0,0,383,1057,1.72,2066
4388161847,2016-05-02,Yoga,1,54,Male,29.1,116.4,2.0,10096,8.4,3.77,0.08,4.55,33,4,204,935,1.13,3147
8583815059,2016-05-02,Yoga,1,29,Male,38.16,120.9,1.78,8469,6.61,0.0,0.0,0.0,0,0,0,1440,0.78,2894
1844505072,2016-05-02,Yoga,1,30,Male,22.17,67.9,1.75,0,0.0,0.0,0.0,0.0,0,0,0,1440,1.25,1348
5577150313,2016-05-02,Yoga,2,28,Male,29.61,81.6,1.66,7439,5.56,1.12,0.35,4.07,37,20,235,732,1.09,3014
2873212765,2016-05-02,Strength,1,18,Male,27.01,70.0,1.61,7525,5.06,0.0,0.21,4.83,0,7,334,1099,1.3,1878
2022484408,2016-05-02,HIIT,3,43,Female,24.64,61.5,1.58,10379,7.29,2.61,0.34,4.33,36,8,277,1119,1.86,2473
7086361926,2016-05-02,Strength,1,33,Male,28.69,113.6,1.99,10052,6.81,3.48,0.66,2.66,66,26,139,737,1.38,2754
8792009665,2016-05-02,HIIT,1,32,Male,33.4,108.2,1.8,1831,1.17,0.0,0.0,1.17,0,0,101,916,1.27,2015
6290855005,2016-05-02,Cardio,2,34,Female,22.48,59.0,1.62,6781,5.13,0.0,0.0,5.11,0,0,268,1172,1.13,2725
3977333714,2016-05-02,Cardio,1,25,Female,20.88,65.4,1.77,16520,11.05,1.54,6.48,3.02,24,143,176,713,0.89,1760
5553957443,2016-05-02,Strength,1,47,Female,12.91,40.0,1.76,9769,6.38,1.06,0.41,4.9,23,9,227,724,0.8,1996
4319703577,2016-05-02,Cardio,1,46,Male,18.39,54.4,1.72,9261,6.24,0.0,0.44,5.71,0,11,344,585,0.91,2270
6117666160,2016-05-02,Yoga,1,56,Male,40.71,129.0,1.78,4933,3.73,0.0,0.0,3.73,0,0,236,1204,1.29,2044
7007744171,2016-05-02,Yoga,2,58,Female,26.43,74.6,1.68,13041,9.18,4.64,0.7,3.83,64,14,250,1112,1.03,2642
5553957443,2016-05-03,Strength,1,47,Female,12.91,40.0,1.76,12848,8.39,1.5,1.2,5.68,26,29,247,812,0.8,2116
8053475328,2016-05-03,Yoga,1,38,Female,30.68,76.6,1.58,15484,11.9,8.39,0.93,2.59,87,22,165,1166,0.74,3023
2320127002,2016-05-03,Strength,2,52,Male,23.97,70.9,1.72,7443,5.02,1.49,0.37,3.16,20,10,206,1204,1.31,1878
1624580081,2016-05-03,HIIT,3,48,Male,25.33,83.9,1.82,2100,1.37,0.0,0.0,1.34,0,0,96,1344,1.9,1334
5577150313,2016-05-03,Yoga,2,28,Male,29.61,81.6,1.66,11045,8.25,4.52,0.15,3.57,97,8,212,580,1.09,3795
3977333714,2016-05-03,Cardio,1,25,Female,20.88,65.4,1.77,14335,9.59,3.32,1.74,4.53,47,41,258,594,0.89,1710
1844505072,2016-05-03,Yoga,1,30,Male,22.17,67.9,1.75,4059,2.68,0.0,0.0,2.68,0,0,184,1256,1.25,1742
8877689391,2016-05-03,Cardio,1,33,Female,23.2,53.6,1.52,10818,8.21,1.39,0.1,6.67,19,3,229,1189,1.02,2817
1927972279,2016-05-03,HIIT,3,32,Male,33.55,85.9,1.6,1326,0.92,0.73,0.0,0.18,10,0,17,1413,1.99,2195
8583815059,2016-05-03,Yoga,1,29,Male,38.16,120.9,1.78,12015,9.37,0.0,0.0,0.0,0,0,0,1440,0.78,3212
6962181067,2016-05-03,Cardio,1,50,Male,31.14,90.0,1.7,12109,8.12,1.74,2.04,4.33,21,36,267,654,0.81,2072
8378563200,2016-05-03,Yoga,2,54,Male,27.92,86.5,1.76,8712,6.91,1.34,1.06,4.5,71,20,195,822,1.48,3784
2873212765,2016-05-03,Strength,1,18,Male,27.01,70.0,1.61,7412,4.98,0.06,0.25,4.66,1,6,363,1070,1.3,1906
4319703577,2016-05-03,Cardio,1,46,Male,18.39,54.4,1.72,9648,6.47,0.58,1.07,4.83,8,26,287,669,0.91,2235
4558609924,2016-05-03,HIIT,3,31,Female,19.31,60.5,1.77,5267,3.48,0.6,0.28,2.6,21,10,237,1172,1.72,1953
1644430081,2016-05-03,Yoga,1,49,Male,26.77,79.2,1.72,12850,9.34,0.72,4.09,4.54,10,94,221,1115,1.46,3324
6290855005,2016-05-03,Cardio,2,34,Female,22.48,59.0,1.62,6047,4.57,0.0,0.0,4.57,0,0,240,1200,1.13,2671
7007744171,2016-05-03,Yoga,2,58,Female,26.43,74.6,1.68,14510,10.87,4.48,1.02,5.36,58,31,330,1021,1.03,2976
6775888955,2016-05-03,HIIT,1,34,Female,29.56,69.2,1.53,9,0.01,0.0,0.0,0.01,0,0,1,1439,1.36,1843
7086361926,2016-05-03,Strength,1,33,Male,28.69,113.6,1.99,10288,6.76,2.74,0.85,3.16,57,36,152,761,1.38,2754
6117666160,2016-05-03,Yoga,1,56,Male,40.71,129.0,1.78,0,0.0,0.0,0.0,0.0,0,0,0,1440,1.29,1496
4020332650,2016-05-03,Cardio,2,47,Male,17.75,55.6,1.77,4496,3.22,0.0,0.0,3.15,0,0,174,950,1.2,2828
1503960366,2016-05-03,Cardio,2,34,Male,26.73,71.9,1.64,15103,9.66,3.73,1.05,4.88,50,24,254,816,1.26,1990
2022484408,2016-05-03,HIIT,3,43,Female,24.64,61.5,1.58,12183,8.74,3.99,0.46,4.28,72,14,250,1104,1.86,2752
2026352035,2016-05-03,Yoga,2,51,Male,41.34,115.3,1.67,5992,3.72,0.0,0.0,3.72,0,0,304,981,1.38,1604
8792009665,2016-05-03,HIIT,1,32,Male,33.4,108.2,1.8,2421,1.55,0.0,0.0,1.55,0,0,156,739,1.27,2297
4702921684,2016-05-03,Yoga,2,48,Male,49.84,129.2,1.61,9454,7.67,0.0,0.0,7.67,0,0,313,729,1.06,3145
4445114986,2016-05-03,Cardio,1,42,Female,18.15,53.7,1.72,7502,5.18,2.48,0.11,2.58,30,2,233,725,1.37,2421
4388161847,2016-05-03,Yoga,1,54,Male,29.1,116.4,2.0,12727,9.79,1.13,0.78,7.88,18,18,306,984,1.13,3290
8792009665,2016-05-04,HIIT,1,32,Male,33.4,108.2,1.8,2283,1.46,0.0,0.0,1.46,0,0,129,848,1.27,2067
2873212765,2016-05-04,Strength,1,18,Male,27.01,70.0,1.61,8278,5.56,0.0,0.0,5.56,0,0,420,1020,1.3,2015
8583815059,2016-05-04,Yoga,1,29,Male,38.16,120.9,1.78,3588,2.8,0.0,0.0,0.0,0,0,0,1440,0.78,2516
1844505072,2016-05-04,Yoga,1,30,Male,22.17,67.9,1.75,2080,1.37,0.0,0.0,1.37,0,0,87,1353,1.25,1549
4319703577,2016-05-04,Cardio,1,46,Male,18.39,54.4,1.72,10429,7.02,0.59,0.58,5.85,8,13,313,1106,0.91,2282
4445114986,2016-05-04,Cardio,1,42,Female,18.15,53.7,1.72,2923,1.96,0.0,0.0,1.96,0,0,180,897,1.37,2070
4702921684,2016-05-04,Yoga,2,48,Male,49.84,129.2,1.61,8161,6.62,0.34,0.73,5.54,4,15,251,757,1.06,3004
6775888955,2016-05-04,HIIT,1,34,Female,29.56,69.2,1.53,0,0.0,0.0,0.0,0.0,0,0,0,1440,1.36,1841
3977333714,2016-05-04,Cardio,1,25,Female,20.88,65.4,1.77,13559,9.44,1.81,4.58,2.89,14,96,142,852,0.89,1628
6117666160,2016-05-04,Yoga,1,56,Male,40.71,129.0,1.78,2997,2.26,0.0,0.0,2.26,0,0,156,1279,1.29,1902
8877689391,2016-05-04,Cardio,1,33,Female,23.2,53.6,1.52,18193,16.3,10.42,0.31,5.53,66,8,212,1154,1.02,3477
2320127002,2016-05-04,Strength,2,52,Male,23.97,70.9,1.72,1201,0.81,0.0,0.0,0.81,0,0,52,1388,1.31,1426
2026352035,2016-05-04,Yoga,2,51,Male,41.34,115.3,1.67,6564,4.07,0.0,0.0,4.07,0,0,345,530,1.38,1658
1624580081,2016-05-04,HIIT,3,48,Male,25.33,83.9,1.82,2193,1.43,0.0,0.0,1.42,0,0,118,1322,1.9,1368
1503960366,2016-05-04,Cardio,2,34,Male,26.73,71.9,1.64,11100,7.15,2.46,0.87,3.82,36,22,203,1179,1.26,1819
4558609924,2016-05-04,HIIT,3,31,Female,19.31,60.5,1.77,5232,3.46,0.0,0.0,3.46,0,0,252,1188,1.72,1842
5577150313,2016-05-04,Yoga,2,28,Male,29.61,81.6,1.66,5206,3.89,1.56,0.25,2.08,25,9,141,631,1.09,2755
7007744171,2016-05-04,Yoga,2,58,Female,26.43,74.6,1.68,0,0.0,0.0,0.0,0.0,0,0,0,1440,1.03,1557
5553957443,2016-05-04,Strength,1,47,Female,12.91,40.0,1.76,4249,2.77,0.0,0.0,2.77,0,0,224,651,0.8,1698
8378563200,2016-05-04,Yoga,2,54,Male,27.92,86.5,1.76,7875,6.24,1.56,0.49,4.2,19,10,167,680,1.48,3110
2022484408,2016-05-04,HIIT,3,43,Female,24.64,61.5,1.58,11768,8.29,2.51,0.93,4.85,36,27,272,1105,1.86,2649
7086361926,2016-05-04,Strength,1,33,Male,28.69,113.6,1.99,10988,8.31,5.28,0.12,2.9,45,12,135,843,1.38,2655
1927972279,2016-05-04,HIIT,3,32,Male,33.55,85.9,1.6,1786,1.24,0.0,0.0,1.24,0,0,87,1353,1.99,2338
4388161847,2016-05-04,Yoga,1,54,Male,29.1,116.4,2.0,12375,9.52,2.79,0.93,5.8,35,21,251,632,1.13,3162
6290855005,2016-05-04,Cardio,2,34,Female,22.48,59.0,1.62,5832,4.41,0.0,0.0,4.4,0,0,272,1168,1.13,2718
8053475328,2016-05-04,Yoga,1,38,Female,30.68,76.6,1.58,14581,11.15,8.82,0.4,1.91,89,8,123,1220,0.74,2918
1644430081,2016-05-04,Yoga,1,49,Male,26.77,79.2,1.72,2309,1.68,0.0,0.0,1.66,0,0,52,1388,1.46,2222
6962181067,2016-05-04,Cardio,1,50,Male,31.14,90.0,1.7,10147,6.71,0.47,1.68,4.55,15,36,284,683,0.81,2086
4020332650,2016-05-04,Cardio,2,47,Male,17.75,55.6,1.77,10252,7.35,0.67,1.04,5.58,13,46,346,531,1.2,3879
2873212765,2016-05-05,Strength,1,18,Male,27.01,70.0,1.61,8314,5.61,0.78,0.8,4.03,13,23,311,1093,1.3,1971
8378563200,2016-05-05,Yoga,2,54,Male,27.92,86.5,1.76,8567,6.79,0.89,0.16,5.74,66,3,214,764,1.48,3783
4319703577,2016-05-05,Cardio,1,46,Male,18.39,54.4,1.72,13658,9.49,2.63,1.41,5.45,27,34,328,957,0.91,2530
2026352035,2016-05-05,Yoga,2,51,Male,41.34,115.3,1.67,12167,7.54,0.0,0.0,7.54,0,0,475,479,1.38,1926
2320127002,2016-05-05,Strength,2,52,Male,23.97,70.9,1.72,5202,3.51,0.0,0.39,3.11,0,11,223,1206,1.31,1780
2022484408,2016-05-05,HIIT,3,43,Female,24.64,61.5,1.58,11895,8.35,2.79,0.86,4.7,55,20,253,1112,1.86,2609
5553957443,2016-05-05,Strength,1,47,Female,12.91,40.0,1.76,14331,9.51,3.43,1.66,4.43,44,29,241,692,0.8,2156
1644430081,2016-05-05,Yoga,1,49,Male,26.77,79.2,1.72,4363,3.19,0.52,0.54,2.13,6,12,81,1341,1.46,2463
4445114986,2016-05-05,Cardio,1,42,Female,18.15,53.7,1.72,3800,2.55,0.12,0.24,2.18,2,6,185,734,1.37,2120
4388161847,2016-05-05,Yoga,1,54,Male,29.1,116.4,2.0,9603,7.38,0.63,1.67,5.09,12,39,199,896,1.13,2899
7007744171,2016-05-05,Yoga,2,58,Female,26.43,74.6,1.68,15010,11.1,4.33,1.29,5.48,53,23,317,1047,1.03,2933
7086361926,2016-05-05,Strength,1,33,Male,28.69,113.6,1.99,8564,5.6,1.78,0.83,2.95,24,14,149,1253,1.38,2386
4020332650,2016-05-05,Cardio,2,47,Male,17.75,55.6,1.77,11728,8.43,2.62,1.68,4.04,38,42,196,916,1.2,3429
8877689391,2016-05-05,Cardio,1,33,Female,23.2,53.6,1.52,14055,10.67,5.46,0.82,4.37,67,15,188,1170,1.02,3052
6117666160,2016-05-05,Yoga,1,56,Male,40.71,129.0,1.78,9799,7.4,0.0,0.0,7.4,0,0,487,479,1.29,2636
1503960366,2016-05-05,Cardio,2,34,Male,26.73,71.9,1.64,14070,8.9,2.92,1.08,4.88,45,24,250,857,1.26,1959
6962181067,2016-05-05,Cardio,1,50,Male,31.14,90.0,1.7,10524,6.96,0.99,1.16,4.81,14,22,305,591,0.81,2066
4702921684,2016-05-05,Yoga,2,48,Male,49.84,129.2,1.61,8614,6.99,0.67,0.22,6.09,8,5,241,745,1.06,3006
6775888955,2016-05-05,HIIT,1,34,Female,29.56,69.2,1.53,0,0.0,0.0,0.0,0.0,0,0,0,1440,1.36,1841
1624580081,2016-05-05,HIIT,3,48,Male,25.33,83.9,1.82,2470,1.61,0.0,0.0,1.58,0,0,117,1323,1.9,1370
1927972279,2016-05-05,HIIT,3,32,Male,33.55,85.9,1.6,0,0.0,0.0,0.0,0.0,0,0,0,1440,1.99,2063
6290855005,2016-05-05,Cardio,2,34,Female,22.48,59.0,1.62,6339,4.79,0.0,0.0,4.79,0,0,239,1201,1.13,2682
4558609924,2016-05-05,HIIT,3,31,Female,19.31,60.5,1.77,10611,7.01,1.01,0.5,5.51,14,8,370,1048,1.72,2262
1844505072,2016-05-05,Yoga,1,30,Male,22.17,67.9,1.75,2237,1.48,0.0,0.0,1.48,0,0,120,1320,1.25,1589
5577150313,2016-05-05,Yoga,2,28,Male,29.61,81.6,1.66,7550,5.64,2.5,0.47,2.67,45,21,143,1153,1.09,3004
8053475328,2016-05-05,Yoga,1,38,Female,30.68,76.6,1.58,14990,11.51,8.85,0.45,2.21,93,9,130,1208,0.74,2950
8792009665,2016-05-05,HIIT,1,32,Male,33.4,108.2,1.8,0,0.0,0.0,0.0,0.0,0,0,0,1440,1.27,1688
3977333714,2016-05-05,Cardio,1,25,Female,20.88,65.4,1.77,12312,8.58,1.76,4.11,2.71,14,88,178,680,0.89,1618
8583815059,2016-05-05,Yoga,1,29,Male,38.16,120.9,1.78,12427,9.69,0.0,0.0,1.18,0,0,70,1370,0.78,3266
8877689391,2016-05-06,Cardio,1,33,Female,23.2,53.6,1.52,21727,19.34,12.79,0.29,6.16,96,17,232,1095,1.02,4015
5577150313,2016-05-06,Yoga,2,28,Male,29.61,81.6,1.66,4950,3.7,1.93,0.32,1.45,41,16,79,1304,1.09,2643
4558609924,2016-05-06,HIIT,3,31,Female,19.31,60.5,1.77,3755,2.48,0.0,0.0,2.48,0,0,202,1238,1.72,1722
3977333714,2016-05-06,Cardio,1,25,Female,20.88,65.4,1.77,11677,8.28,3.11,2.51,2.67,29,55,168,676,0.89,1590
1927972279,2016-05-06,HIIT,3,32,Male,33.55,85.9,1.6,2091,1.45,0.0,0.0,1.45,0,0,108,1332,1.99,2383
1644430081,2016-05-06,Yoga,1,49,Male,26.77,79.2,1.72,9787,7.12,0.82,0.27,6.01,11,6,369,1054,1.46,3328
5553957443,2016-05-06,Strength,1,47,Female,12.91,40.0,1.76,9632,6.29,1.52,0.54,4.23,21,9,229,761,0.8,1916
6117666160,2016-05-06,Yoga,1,56,Male,40.71,129.0,1.78,3365,2.68,0.0,0.0,2.68,0,0,133,673,1.29,1838
7007744171,2016-05-06,Yoga,2,58,Female,26.43,74.6,1.68,11459,7.67,3.0,0.81,3.86,44,13,247,1136,1.03,2553
8053475328,2016-05-06,Yoga,1,38,Female,30.68,76.6,1.58,13953,11.0,9.1,0.69,1.21,90,15,90,1245,0.74,2859
4020332650,2016-05-06,Cardio,2,47,Male,17.75,55.6,1.77,4369,3.13,0.0,0.0,3.1,0,0,177,855,1.2,2704
2320127002,2016-05-06,Strength,2,52,Male,23.97,70.9,1.72,4878,3.29,0.0,0.0,3.29,0,0,204,1236,1.31,1742
6290855005,2016-05-06,Cardio,2,34,Female,22.48,59.0,1.62,6116,4.62,0.0,0.0,4.59,0,0,305,1135,1.13,2806
4445114986,2016-05-06,Cardio,1,42,Female,18.15,53.7,1.72,4514,3.03,0.0,0.0,3.03,0,0,229,809,1.37,2211
7086361926,2016-05-06,Strength,1,33,Male,28.69,113.6,1.99,12461,8.38,3.82,1.43,3.12,84,35,154,834,1.38,2924
6775888955,2016-05-06,HIIT,1,34,Female,29.56,69.2,1.53,4697,3.37,0.47,0.93,1.93,12,35,75,1318,1.36,2496
2873212765,2016-05-06,Strength,1,18,Male,27.01,70.0,1.61,7063,4.75,0.0,0.12,4.61,0,5,370,1065,1.3,1910
2022484408,2016-05-06,HIIT,3,43,Female,24.64,61.5,1.58,10227,7.18,1.87,0.67,4.64,24,17,295,1104,1.86,2498
8378563200,2016-05-06,Yoga,2,54,Male,27.92,86.5,1.76,7045,5.59,1.55,0.25,3.78,74,5,166,831,1.48,3644
4702921684,2016-05-06,Yoga,2,48,Male,49.84,129.2,1.61,6943,5.63,0.08,0.66,4.87,1,16,207,682,1.06,2859
2026352035,2016-05-06,Yoga,2,51,Male,41.34,115.3,1.67,8198,5.08,0.0,0.0,5.08,0,0,383,511,1.38,1736
4319703577,2016-05-06,Cardio,1,46,Male,18.39,54.4,1.72,9524,6.42,0.41,0.47,5.46,6,11,314,692,0.91,2266
8583815059,2016-05-06,Yoga,1,29,Male,38.16,120.9,1.78,5843,4.56,0.14,1.19,3.23,2,22,166,1250,0.78,2683
1844505072,2016-05-06,Yoga,1,30,Male,22.17,67.9,1.75,44,0.03,0.0,0.0,0.03,0,0,2,1438,1.25,1351
6962181067,2016-05-06,Cardio,1,50,Male,31.14,90.0,1.7,5908,3.91,0.0,0.0,3.91,0,0,299,717,0.81,1850
8792009665,2016-05-06,HIIT,1,32,Male,33.4,108.2,1.8,0,0.0,0.0,0.0,0.0,0,0,0,1440,1.27,1688
4388161847,2016-05-06,Yoga,1,54,Male,29.1,116.4,2.0,13175,10.13,2.11,2.09,5.93,33,45,262,1100,1.13,3425
1503960366,2016-05-06,Cardio,2,34,Male,26.73,71.9,1.64,12159,8.03,1.97,0.25,5.81,24,6,289,754,1.26,1896
1624580081,2016-05-06,HIIT,3,48,Male,25.33,83.9,1.82,1727,1.12,0.0,0.0,1.12,0,0,102,1338,1.9,1341
2320127002,2016-05-07,Strength,2,52,Male,23.97,70.9,1.72,7379,4.97,0.0,0.0,4.97,0,0,319,1121,1.31,1972
1624580081,2016-05-07,HIIT,3,48,Male,25.33,83.9,1.82,2104,1.37,0.0,0.0,1.37,0,0,182,1258,1.9,1474
8378563200,2016-05-07,Yoga,2,54,Male,27.92,86.5,1.76,4468,3.54,0.0,0.0,3.54,0,0,158,851,1.48,2799
4445114986,2016-05-07,Cardio,1,42,Female,18.15,53.7,1.72,5183,3.59,2.13,0.19,1.25,26,4,108,866,1.37,2123
8583815059,2016-05-07,Yoga,1,29,Male,38.16,120.9,1.78,6117,4.77,0.0,0.0,4.77,0,0,250,1190,0.78,2810
2873212765,2016-05-07,Strength,1,18,Male,27.01,70.0,1.61,4940,3.38,2.28,0.55,0.55,75,11,52,1302,1.3,1897
5553957443,2016-05-07,Strength,1,47,Female,12.91,40.0,1.76,1868,1.22,0.0,0.0,1.22,0,0,96,902,0.8,1494
8053475328,2016-05-07,Yoga,1,38,Female,30.68,76.6,1.58,19769,15.67,12.44,0.88,2.35,121,20,148,1076,0.74,3331
5577150313,2016-05-07,Yoga,2,28,Male,29.61,81.6,1.66,0,0.0,0.0,0.0,0.0,0,0,0,1440,1.09,1819
2026352035,2016-05-07,Yoga,2,51,Male,41.34,115.3,1.67,4193,2.6,0.0,0.0,2.6,0,0,229,665,1.38,1491
1927972279,2016-05-07,HIIT,3,32,Male,33.55,85.9,1.6,1510,1.04,0.0,0.0,1.04,0,0,48,1392,1.99,2229
4558609924,2016-05-07,HIIT,3,31,Female,19.31,60.5,1.77,8237,5.44,1.61,1.0,2.83,23,16,233,1116,1.72,1973
1644430081,2016-05-07,Yoga,1,49,Male,26.77,79.2,1.72,13372,9.72,3.26,0.79,5.67,41,17,243,1139,1.46,3404
4388161847,2016-05-07,Yoga,1,54,Male,29.1,116.4,2.0,22770,17.54,9.45,2.77,5.33,120,56,260,508,1.13,4022
4020332650,2016-05-07,Cardio,2,47,Male,17.75,55.6,1.77,6132,4.4,0.0,0.0,3.58,0,0,184,1256,1.2,2975
6775888955,2016-05-07,HIIT,1,34,Female,29.56,69.2,1.53,1967,1.41,0.13,0.24,1.05,2,5,49,551,1.36,1032
8877689391,2016-05-07,Cardio,1,33,Female,23.2,53.6,1.52,12332,8.13,0.08,0.96,6.99,105,28,271,1036,1.02,4142
8792009665,2016-05-07,HIIT,1,32,Male,33.4,108.2,1.8,0,0.0,0.0,0.0,0.0,0,0,0,1440,1.27,1688
1503960366,2016-05-07,Cardio,2,34,Male,26.73,71.9,1.64,11992,7.71,2.46,2.12,3.13,37,46,175,833,1.26,1821
6962181067,2016-05-07,Cardio,1,50,Male,31.14,90.0,1.7,6815,4.5,0.0,0.0,4.5,0,0,328,745,0.81,1947
6117666160,2016-05-07,Yoga,1,56,Male,40.71,129.0,1.78,7336,5.54,0.0,0.0,5.54,0,0,412,456,1.29,2469
3977333714,2016-05-07,Cardio,1,25,Female,20.88,65.4,1.77,11550,7.73,0.0,4.13,3.59,0,86,208,703,0.89,1574
6290855005,2016-05-07,Cardio,2,34,Female,22.48,59.0,1.62,5510,4.17,0.0,0.0,4.16,0,0,227,1213,1.13,2613
7086361926,2016-05-07,Strength,1,33,Male,28.69,113.6,1.99,12827,8.48,1.46,2.33,4.68,20,42,209,621,1.38,2739
2022484408,2016-05-07,HIIT,3,43,Female,24.64,61.5,1.58,6708,4.71,1.61,0.08,3.02,20,2,149,1269,1.86,1995
4702921684,2016-05-07,Yoga,2,48,Male,49.84,129.2,1.61,14370,11.65,0.37,2.31,8.97,5,46,439,577,1.06,3683
1844505072,2016-05-07,Yoga,1,30,Male,22.17,67.9,1.75,0,0.0,0.0,0.0,0.0,0,0,0,1440,1.25,1347
4319703577,2016-05-07,Cardio,1,46,Male,18.39,54.4,1.72,7937,5.33,0.19,1.05,4.08,3,28,279,586,0.91,2158
7007744171,2016-05-07,Yoga,2,58,Female,26.43,74.6,1.68,0,0.0,0.0,0.0,0.0,0,0,0,111,1.03,120
1844505072,2016-05-08,Yoga,1,30,Male,22.17,67.9,1.75,0,0.0,0.0,0.0,0.0,0,0,0,1440,1.25,1347
2026352035,2016-05-08,Yoga,2,51,Male,41.34,115.3,1.67,5528,3.45,0.0,0.0,3.45,0,0,258,610,1.38,1555
4558609924,2016-05-08,HIIT,3,31,Female,19.31,60.5,1.77,6543,4.33,1.8,0.5,2.02,66,35,238,1019,1.72,2666
6117666160,2016-05-08,Yoga,1,56,Male,40.71,129.0,1.78,7328,5.53,0.0,0.0,5.53,0,0,318,517,1.29,2250
5577150313,2016-05-08,Yoga,2,28,Male,29.61,81.6,1.66,0,0.0,0.0,0.0,0.0,0,0,0,1440,1.09,1819
6290855005,2016-05-08,Cardio,2,34,Female,22.48,59.0,1.62,7706,5.83,0.0,0.0,5.82,0,0,251,1189,1.13,2712
4319703577,2016-05-08,Cardio,1,46,Male,18.39,54.4,1.72,3672,2.46,0.0,0.0,2.46,0,0,153,603,0.91,1792
2873212765,2016-05-08,Strength,1,18,Male,27.01,70.0,1.61,8168,5.54,2.9,0.0,2.64,46,0,326,1068,1.3,2096
4388161847,2016-05-08,Yoga,1,54,Male,29.1,116.4,2.0,17298,14.38,9.89,1.26,3.23,107,38,178,576,1.13,3934
6962181067,2016-05-08,Cardio,1,50,Male,31.14,90.0,1.7,4188,2.77,0.0,0.52,2.25,0,14,151,709,0.81,1659
1927972279,2016-05-08,HIIT,3,32,Male,33.55,85.9,1.6,0,0.0,0.0,0.0,0.0,0,0,0,1440,1.99,2063
3977333714,2016-05-08,Cardio,1,25,Female,20.88,65.4,1.77,13585,9.09,0.68,5.24,3.17,9,116,171,688,0.89,1633
1624580081,2016-05-08,HIIT,3,48,Male,25.33,83.9,1.82,3427,2.23,0.0,0.0,2.22,0,0,152,1288,1.9,1427
7086361926,2016-05-08,Strength,1,33,Male,28.69,113.6,1.99,10677,7.1,2.31,1.53,3.25,32,27,147,695,1.38,2534
4020332650,2016-05-08,Cardio,2,47,Male,17.75,55.6,1.77,5862,4.2,0.0,0.0,4.15,0,0,263,775,1.2,3089
4702921684,2016-05-08,Yoga,2,48,Male,49.84,129.2,1.61,12857,10.43,0.68,6.21,3.54,9,125,192,1019,1.06,3287
1644430081,2016-05-08,Yoga,1,49,Male,26.77,79.2,1.72,6724,4.89,0.0,0.0,4.88,0,0,295,991,1.46,2987
4445114986,2016-05-08,Cardio,1,42,Female,18.15,53.7,1.72,7303,4.9,0.0,0.25,4.65,0,8,308,733,1.37,2423
8583815059,2016-05-08,Yoga,1,29,Male,38.16,120.9,1.78,9217,7.19,0.22,3.31,3.66,3,72,182,1183,0.78,2940
8792009665,2016-05-08,HIIT,1,32,Male,33.4,108.2,1.8,0,0.0,0.0,0.0,0.0,0,0,0,1440,1.27,1688
8378563200,2016-05-08,Yoga,2,54,Male,27.92,86.5,1.76,2943,2.33,0.0,0.0,2.33,0,0,139,621,1.48,2685
2320127002,2016-05-08,Strength,2,52,Male,23.97,70.9,1.72,5161,3.48,0.0,0.0,3.47,0,0,247,1193,1.31,1821
5553957443,2016-05-08,Strength,1,47,Female,12.91,40.0,1.76,6083,4.0,0.22,0.47,3.3,3,8,210,505,0.8,1762
8053475328,2016-05-08,Yoga,1,38,Female,30.68,76.6,1.58,22026,17.65,13.4,0.59,3.66,125,14,228,1073,0.74,3589
8877689391,2016-05-08,Cardio,1,33,Female,23.2,53.6,1.52,10686,8.11,1.08,0.2,6.8,17,4,245,1174,1.02,2847
1503960366,2016-05-08,Cardio,2,34,Male,26.73,71.9,1.64,10060,6.58,3.53,0.32,2.73,44,8,203,574,1.26,1740
2022484408,2016-05-08,HIIT,3,43,Female,24.64,61.5,1.58,3292,2.31,0.0,0.0,2.31,0,0,135,1305,1.86,1848
8792009665,2016-05-09,HIIT,1,32,Male,33.4,108.2,1.8,0,0.0,0.0,0.0,0.0,0,0,0,1440,1.27,1688
5577150313,2016-05-09,Yoga,2,28,Male,29.61,81.6,1.66,3421,2.56,1.43,0.14,0.99,34,11,70,1099,1.09,2489
1927972279,2016-05-09,HIIT,3,32,Male,33.55,85.9,1.6,0,0.0,0.0,0.0,0.0,0,0,0,1440,1.99,2063
5553957443,2016-05-09,Strength,1,47,Female,12.91,40.0,1.76,11611,7.58,2.13,0.89,4.56,59,22,251,667,0.8,2272
6117666160,2016-05-09,Yoga,1,56,Male,40.71,129.0,1.78,4477,3.38,0.0,0.0,3.38,0,0,197,125,1.29,1248
3977333714,2016-05-09,Cardio,1,25,Female,20.88,65.4,1.77,14687,10.08,0.77,5.6,3.55,8,122,151,1159,0.89,1667
1503960366,2016-05-09,Cardio,2,34,Male,26.73,71.9,1.64,12022,7.72,3.45,0.53,3.74,46,11,206,835,1.26,1819
6962181067,2016-05-09,Cardio,1,50,Male,31.14,90.0,1.7,12342,8.72,3.9,1.18,3.65,43,21,231,607,0.81,2105
8053475328,2016-05-09,Yoga,1,38,Female,30.68,76.6,1.58,12465,9.38,6.12,0.57,2.69,66,12,148,1214,0.74,2765
1844505072,2016-05-09,Yoga,1,30,Male,22.17,67.9,1.75,0,0.0,0.0,0.0,0.0,0,0,0,1440,1.25,1347
2026352035,2016-05-09,Yoga,2,51,Male,41.34,115.3,1.67,10685,6.62,0.0,0.0,6.6,0,0,401,543,1.38,1869
7086361926,2016-05-09,Strength,1,33,Male,28.69,113.6,1.99,13566,9.11,4.26,1.71,3.12,67,50,171,743,1.38,2960
8583815059,2016-05-09,Yoga,1,29,Male,38.16,120.9,1.78,9877,7.7,5.76,0.17,1.73,66,4,110,1260,0.78,2947
2873212765,2016-05-09,Strength,1,18,Male,27.01,70.0,1.61,7726,5.19,0.0,0.0,5.19,0,0,345,1095,1.3,1906
4558609924,2016-05-09,HIIT,3,31,Female,19.31,60.5,1.77,11451,7.57,0.43,1.62,5.52,6,30,339,1065,1.72,2223
2320127002,2016-05-09,Strength,2,52,Male,23.97,70.9,1.72,3090,2.08,0.0,0.0,2.08,0,0,145,1295,1.31,1630
4388161847,2016-05-09,Yoga,1,54,Male,29.1,116.4,2.0,10218,7.86,0.34,0.73,6.79,6,19,258,1020,1.13,3013
4445114986,2016-05-09,Cardio,1,42,Female,18.15,53.7,1.72,5275,3.54,0.0,0.0,3.54,0,0,266,641,1.37,2281
1644430081,2016-05-09,Yoga,1,49,Male,26.77,79.2,1.72,6643,4.83,2.39,0.35,2.09,32,6,303,1099,1.46,3008
8378563200,2016-05-09,Yoga,2,54,Male,27.92,86.5,1.76,8382,6.65,1.27,0.66,4.72,71,13,171,772,1.48,3721
4020332650,2016-05-09,Cardio,2,47,Male,17.75,55.6,1.77,4556,3.27,0.2,0.12,2.94,3,5,173,1225,1.2,2785
4702921684,2016-05-09,Yoga,2,48,Male,49.84,129.2,1.61,8232,6.68,0.0,0.57,6.1,0,12,253,746,1.06,2990
2022484408,2016-05-09,HIIT,3,43,Female,24.64,61.5,1.58,13379,9.39,2.12,1.63,5.64,35,47,297,1061,1.86,2709
6290855005,2016-05-09,Cardio,2,34,Female,22.48,59.0,1.62,6277,4.75,0.0,0.0,4.73,0,0,264,800,1.13,2175
1624580081,2016-05-09,HIIT,3,48,Male,25.33,83.9,1.82,1732,1.13,0.0,0.0,1.13,0,0,91,1349,1.9,1328
4319703577,2016-05-09,Cardio,1,46,Male,18.39,54.4,1.72,10378,6.96,0.14,0.56,6.25,2,14,374,490,0.91,2345
8877689391,2016-05-09,Cardio,1,33,Female,23.2,53.6,1.52,20226,18.25,11.1,0.8,6.24,73,19,217,1131,1.02,3710
2873212765,2016-05-10,Strength,1,18,Male,27.01,70.0,1.61,8275,5.56,0.0,0.0,5.55,0,0,373,1067,1.3,1962
1927972279,2016-05-10,HIIT,3,32,Male,33.55,85.9,1.6,0,0.0,0.0,0.0,0.0,0,0,0,1440,1.99,2063
3977333714,2016-05-10,Cardio,1,25,Female,20.88,65.4,1.77,13072,8.78,0.07,5.4,3.31,1,115,196,676,0.89,1630
2022484408,2016-05-10,HIIT,3,43,Female,24.64,61.5,1.58,12798,8.98,2.22,1.21,5.56,57,28,271,1084,1.86,2797
1503960366,2016-05-10,Cardio,2,34,Male,26.73,71.9,1.64,12207,7.77,3.35,1.16,3.26,46,31,214,746,1.26,1859
4558609924,2016-05-10,HIIT,3,31,Female,19.31,60.5,1.77,6435,4.25,0.74,1.12,2.39,11,18,220,1191,1.72,1889
5577150313,2016-05-10,Yoga,2,28,Male,29.61,81.6,1.66,8869,6.65,2.56,0.75,3.35,104,37,194,639,1.09,3841
8583815059,2016-05-10,Yoga,1,29,Male,38.16,120.9,1.78,8240,6.43,0.69,2.01,3.72,9,43,162,1226,0.78,2846
8053475328,2016-05-10,Yoga,1,38,Female,30.68,76.6,1.58,14810,11.36,9.09,0.42,1.85,96,10,115,1219,0.74,2926
1624580081,2016-05-10,HIIT,3,48,Male,25.33,83.9,1.82,2969,1.93,0.0,0.0,1.92,0,0,139,1301,1.9,1393
2320127002,2016-05-10,Strength,2,52,Male,23.97,70.9,1.72,6227,4.2,0.0,0.0,4.2,0,0,290,1150,1.31,1899
4020332650,2016-05-10,Cardio,2,47,Male,17.75,55.6,1.77,5546,3.98,0.0,0.0,3.87,0,0,206,774,1.2,2926
4445114986,2016-05-10,Cardio,1,42,Female,18.15,53.7,1.72,3915,2.63,0.0,0.0,2.63,0,0,231,783,1.37,2181
8792009665,2016-05-10,HIIT,1,32,Male,33.4,108.2,1.8,0,0.0,0.0,0.0,0.0,0,0,0,48,1.27,57
6290855005,2016-05-10,Cardio,2,34,Female,22.48,59.0,1.62,0,0.0,0.0,0.0,0.0,0,0,0,1440,1.13,0
8877689391,2016-05-10,Cardio,1,33,Female,23.2,53.6,1.52,10733,8.15,1.35,0.46,6.28,18,11,224,1187,1.02,2832
5553957443,2016-05-10,Strength,1,47,Female,12.91,40.0,1.76,16358,10.71,3.87,1.61,5.2,61,40,265,707,0.8,2335
4319703577,2016-05-10,Cardio,1,46,Male,18.39,54.4,1.72,9487,6.37,0.21,0.46,5.7,3,12,329,555,0.91,2260
8378563200,2016-05-10,Yoga,2,54,Male,27.92,86.5,1.76,6582,5.22,0.66,0.64,3.92,63,13,152,840,1.48,3586
2026352035,2016-05-10,Yoga,2,51,Male,41.34,115.3,1.67,254,0.16,0.0,0.0,0.16,0,0,17,1002,1.38,1141
1844505072,2016-05-10,Yoga,1,30,Male,22.17,67.9,1.75,0,0.0,0.0,0.0,0.0,0,0,0,1440,1.25,1347
1644430081,2016-05-10,Yoga,1,49,Male,26.77,79.2,1.72,9167,6.66,0.88,0.81,4.97,12,19,155,1254,1.46,2799
4388161847,2016-05-10,Yoga,1,54,Male,29.1,116.4,2.0,10299,7.92,0.81,0.65,6.46,13,14,267,648,1.13,3061
6962181067,2016-05-10,Cardio,1,50,Male,31.14,90.0,1.7,15448,10.21,3.47,1.75,4.99,62,34,275,626,0.81,2361
7086361926,2016-05-10,Strength,1,33,Male,28.69,113.6,1.99,14433,10.79,7.11,1.2,2.45,72,23,106,1182,1.38,2800
4702921684,2016-05-10,Yoga,2,48,Male,49.84,129.2,1.61,10613,8.61,0.08,1.88,6.65,1,37,262,701,1.06,3172
2026352035,2016-05-11,Yoga,2,51,Male,41.34,115.3,1.67,8580,5.32,0.0,0.0,5.32,0,0,330,569,1.38,1698
4558609924,2016-05-11,HIIT,3,31,Female,19.31,60.5,1.77,9108,6.02,0.26,1.82,3.94,4,31,324,1081,1.72,2131
1844505072,2016-05-11,Yoga,1,30,Male,22.17,67.9,1.75,0,0.0,0.0,0.0,0.0,0,0,0,1440,1.25,1347
8378563200,2016-05-11,Yoga,2,54,Male,27.92,86.5,1.76,9143,7.25,1.39,0.59,5.27,72,10,184,763,1.48,3788
1927972279,2016-05-11,HIIT,3,32,Male,33.55,85.9,1.6,0,0.0,0.0,0.0,0.0,0,0,0,1440,1.99,2063
1644430081,2016-05-11,Yoga,1,49,Male,26.77,79.2,1.72,1329,0.97,0.0,0.0,0.95,0,0,49,713,1.46,1276
4388161847,2016-05-11,Yoga,1,54,Male,29.1,116.4,2.0,10201,7.84,0.53,0.79,6.53,8,18,256,858,1.13,2954
7086361926,2016-05-11,Strength,1,33,Male,28.69,113.6,1.99,9572,6.52,2.89,1.39,2.23,57,40,128,757,1.38,2735
8877689391,2016-05-11,Cardio,1,33,Female,23.2,53.6,1.52,21420,19.56,13.22,0.41,5.89,88,12,213,1127,1.02,3832
4445114986,2016-05-11,Cardio,1,42,Female,18.15,53.7,1.72,9105,6.11,2.25,1.0,2.86,34,22,232,622,1.37,2499
8053475328,2016-05-11,Yoga,1,38,Female,30.68,76.6,1.58,12209,9.4,6.08,0.28,3.04,60,7,184,1189,0.74,2809
6962181067,2016-05-11,Cardio,1,50,Male,31.14,90.0,1.7,6722,4.44,1.49,0.31,2.65,24,7,199,709,0.81,1855
4319703577,2016-05-11,Cardio,1,46,Male,18.39,54.4,1.72,9129,6.13,0.2,0.74,5.18,3,18,311,574,0.91,2232
5577150313,2016-05-11,Yoga,2,28,Male,29.61,81.6,1.66,4038,3.04,1.83,0.3,0.89,45,15,63,257,1.09,1665
4020332650,2016-05-11,Cardio,2,47,Male,17.75,55.6,1.77,3689,2.65,0.11,0.17,2.33,2,8,134,1296,1.2,2645
5553957443,2016-05-11,Strength,1,47,Female,12.91,40.0,1.76,4926,3.22,0.0,0.0,3.22,0,0,195,628,0.8,1693
8583815059,2016-05-11,Yoga,1,29,Male,38.16,120.9,1.78,8701,6.79,0.37,3.24,3.17,5,71,177,1106,0.78,2804
1503960366,2016-05-11,Cardio,2,34,Male,26.73,71.9,1.64,12770,8.13,2.56,1.01,4.55,36,23,251,669,1.26,1783
1624580081,2016-05-11,HIIT,3,48,Male,25.33,83.9,1.82,3134,2.04,0.0,0.0,2.04,0,0,112,1328,1.9,1359
2320127002,2016-05-11,Strength,2,52,Male,23.97,70.9,1.72,6424,4.33,0.0,0.0,4.33,0,0,300,1140,1.31,1903
2022484408,2016-05-11,HIIT,3,43,Female,24.64,61.5,1.58,13272,9.32,4.18,1.15,3.99,58,25,224,1133,1.86,2544
4702921684,2016-05-11,Yoga,2,48,Male,49.84,129.2,1.61,9810,7.96,0.78,2.16,4.98,10,41,235,784,1.06,3069
2873212765,2016-05-11,Strength,1,18,Male,27.01,70.0,1.61,6440,4.33,0.0,0.0,4.32,0,0,319,1121,1.3,1826
3977333714,2016-05-11,Cardio,1,25,Female,20.88,65.4,1.77,746,0.5,0.37,0.0,0.13,4,0,9,13,0.89,52
2320127002,2016-05-12,Strength,2,52,Male,23.97,70.9,1.72,2661,1.79,0.0,0.0,1.79,0,0,128,830,1.31,1125
6962181067,2016-05-12,Cardio,1,50,Male,31.14,90.0,1.7,3587,2.37,0.0,0.25,2.11,0,8,105,127,0.81,928
8583815059,2016-05-12,Yoga,1,29,Male,38.16,120.9,1.78,0,0.0,0.0,0.0,0.0,0,0,0,1440,0.78,0
2026352035,2016-05-12,Yoga,2,51,Male,41.34,115.3,1.67,8891,5.51,0.0,0.0,5.51,0,0,343,330,1.38,1364
2022484408,2016-05-12,HIIT,3,43,Female,24.64,61.5,1.58,9117,6.41,1.28,0.67,4.44,16,16,236,728,1.86,1853
1927972279,2016-05-12,HIIT,3,32,Male,33.55,85.9,1.6,0,0.0,0.0,0.0,0.0,0,0,0,966,1.99,1383
8053475328,2016-05-12,Yoga,1,38,Female,30.68,76.6,1.58,4998,3.91,2.95,0.2,0.76,28,4,39,839,0.74,1505
8378563200,2016-05-12,Yoga,2,54,Male,27.92,86.5,1.76,4561,3.62,0.65,0.27,2.69,8,6,102,433,1.48,1976
4558609924,2016-05-12,HIIT,3,31,Female,19.31,60.5,1.77,6307,4.17,0.0,0.0,4.17,0,0,247,736,1.72,1452
4020332650,2016-05-12,Cardio,2,47,Male,17.75,55.6,1.77,590,0.42,0.0,0.0,0.41,0,0,21,721,1.2,1120
4319703577,2016-05-12,Cardio,1,46,Male,18.39,54.4,1.72,17,0.01,0.0,0.0,0.01,0,0,2,0,0.91,257
1624580081,2016-05-12,HIIT,3,48,Male,25.33,83.9,1.82,2971,1.93,0.0,0.0,1.92,0,0,107,890,1.9,1002
2873212765,2016-05-12,Strength,1,18,Male,27.01,70.0,1.61,7566,5.11,0.0,0.0,5.11,0,0,268,720,1.3,1431
4445114986,2016-05-12,Cardio,1,42,Female,18.15,53.7,1.72,768,0.52,0.0,0.0,0.52,0,0,58,380,1.37,1212
7086361926,2016-05-12,Strength,1,33,Male,28.69,113.6,1.99,3789,2.56,0.38,0.27,1.89,5,4,58,343,1.38,1199
1844505072,2016-05-12,Yoga,1,30,Male,22.17,67.9,1.75,0,0.0,0.0,0.0,0.0,0,0,0,711,1.25,665
4702921684,2016-05-12,Yoga,2,48,Male,49.84,129.2,1.61,2752,2.23,0.0,0.0,2.23,0,0,68,241,1.06,1240
8877689391,2016-05-12,Cardio,1,33,Female,23.2,53.6,1.52,8064,6.12,1.82,0.04,4.25,23,1,137,770,1.02,1849
4388161847,2016-05-12,Yoga,1,54,Male,29.1,116.4,2.0,3369,2.59,0.0,0.0,2.59,0,0,108,825,1.13,1623
1503960366,2016-05-12,Cardio,2,34,Male,26.73,71.9,1.64,0,0.0,0.0,0.0,0.0,0,0,0,1440,1.26,0
5553957443,2016-05-12,Strength,1,47,Female,12.91,40.0,1.76,3121,2.04,0.58,0.4,1.06,8,6,48,222,0.8,741
